"","Date","Bar","Open","High","Low","Close","Dir","Return"
"1000001",20100409,650,1.340325,1.340325,1.340075,1.340125,"",0
"1000002",20100409,651,1.340125,1.340175,1.340075,1.340125,"Short",0
"1000003",20100409,652,1.340125,1.340175,1.34005,1.34005,"Short",-0.0000559649286447512
"1000004",20100409,653,1.34005,1.340075,1.340025,1.340025,"Long",0.0000186563683512932
"1000005",20100409,654,1.340025,1.34025,1.33985,1.34025,"Long",-0.00016787912702848
"1000006",20100409,655,1.34025,1.340375,1.34025,1.34035,"Short",0.0000746129453460093
"1000007",20100409,656,1.34035,1.340525,1.34035,1.340475,"Short",0.000093259223337302
"1000008",20100409,657,1.340475,1.340525,1.340375,1.340525,"Short",0.0000373002107461038
"1000009",20100409,658,1.340525,1.340675,1.340525,1.34055,"Short",0.0000186494097461381
"1000010",20100409,659,1.34055,1.340675,1.340325,1.340325,"Short",-0.000167841557569594
"1000011",20100409,700,1.340325,1.340525,1.340125,1.34045,"Long",-0.0000932522660300129
"1000012",20100409,701,1.34045,1.340675,1.34045,1.340675,"Long",-0.000167825908590928
"1000013",20100409,702,1.340675,1.340675,1.340325,1.340375,"Short",-0.000223767878121071
"1000014",20100409,703,1.340375,1.340525,1.3403,1.34045,"Long",-0.0000559513596179083
"1000015",20100409,704,1.34045,1.34065,1.34045,1.340575,"Short",0.0000932522660301785
"1000016",20100409,705,1.340575,1.340675,1.34055,1.340675,"Long",-0.0000745892927070237
"1000017",20100409,706,1.340675,1.340725,1.340575,1.34065,"Short",-0.0000186473231768801
"1000018",20100409,707,1.34065,1.34065,1.34045,1.340525,"Short",-0.0000932383545294676
"1000019",20100409,708,1.340525,1.340525,1.340325,1.340325,"Short",-0.000149195277969436
"1000020",20100409,709,1.340325,1.34035,1.34015,1.34015,"Long",0.000130582397492845
"1000021",20100409,710,1.34015,1.34025,1.340025,1.340025,"Long",0.0000932818417566319
"1000022",20100409,711,1.340025,1.340125,1.340025,1.34005,"Long",-0.0000186560202977066
"1000023",20100409,712,1.34005,1.34005,1.33985,1.33985,"Long",0.00014927044072096
"1000024",20100409,713,1.33985,1.339875,1.33955,1.33965,"Long",0.000149292725711923
"1000025",20100409,714,1.33965,1.33965,1.339275,1.339325,"Long",0.000242659548653171
"1000026",20100409,715,1.339325,1.339475,1.339325,1.339425,"Long",-0.0000746589021408358
"1000027",20100409,716,1.339425,1.339425,1.339275,1.339375,"Long",0.0000373308446104381
"1000028",20100409,717,1.339375,1.339425,1.33935,1.33935,"Long",0.0000186657707096291
"1000029",20100409,718,1.33935,1.33935,1.33925,1.33925,"Short",-0.0000746630828386822
"1000030",20100409,719,1.33925,1.33925,1.338975,1.338975,"Long",0.000205380981721111
"1000031",20100409,720,1.338975,1.33905,1.33895,1.33905,"Long",-0.0000560098577349966
"1000032",20100409,721,1.33905,1.339275,1.33905,1.339175,"Long",-0.0000933410495267091
"1000033",20100409,722,1.339175,1.339225,1.338925,1.338925,"Long",0.000186716955766816
"1000034",20100409,723,1.338925,1.33925,1.338925,1.33925,"Long",-0.000242673137950443
"1000035",20100409,724,1.33925,1.339525,1.339075,1.339375,"Short",0.0000933358222885426
"1000036",20100409,725,1.339375,1.339425,1.339225,1.33925,"Short",-0.0000933271115258466
"1000037",20100409,726,1.33925,1.339425,1.339175,1.339375,"Short",0.0000933358222885426
"1000038",20100409,727,1.339375,1.339375,1.339125,1.339125,"Short",-0.000186654223051859
"1000039",20100409,728,1.339125,1.33915,1.338925,1.33915,"Long",-0.0000186685584140416
"1000040",20100409,729,1.33915,1.339725,1.339125,1.339725,"Long",-0.000429192558174246
"1000041",20100409,730,1.339725,1.33975,1.339275,1.339375,"Short",-0.000261247644106121
"1000042",20100409,731,1.339375,1.339375,1.338775,1.338875,"Short",-0.000373308446103552
"1000043",20100409,732,1.338875,1.338925,1.33875,1.338775,"Long",0.0000746951504173509
"1000044",20100409,733,1.338775,1.338875,1.338675,1.338675,"Long",0.0000747007301996295
"1000045",20100409,734,1.338675,1.338925,1.338675,1.33875,"Long",-0.0000560224089636207
"1000046",20100409,735,1.33875,1.33875,1.338575,1.338575,"Long",0.000130736043927338
"1000047",20100409,736,1.338575,1.33885,1.33855,1.33885,"Long",-0.000205400156851048
"1000048",20100409,737,1.33885,1.33915,1.338675,1.33905,"Short",0.000149381932255277
"1000049",20100409,738,1.33905,1.339075,1.33895,1.339075,"Short",0.0000186699525782769
"1000050",20100409,739,1.339075,1.339075,1.339025,1.33905,"Short",-0.0000186696040176553
"1000051",20100409,740,1.33905,1.339075,1.338775,1.33885,"Short",-0.000149359620626547
"1000052",20100409,741,1.33885,1.339025,1.33885,1.338925,"Long",-0.0000560150867298954
"1000053",20100409,742,1.338925,1.33905,1.338925,1.338975,"Long",-0.0000373419966766411
"1000054",20100409,743,1.338975,1.339225,1.33895,1.339225,"Long",-0.000186675129272589
"1000055",20100409,744,1.339225,1.339225,1.339075,1.339075,"Short",-0.000112005077563587
"1000056",20100409,745,1.339075,1.339175,1.339075,1.33915,"Short",0.0000560088120531316
"1000057",20100409,746,1.33915,1.33915,1.339025,1.33905,"Short",-0.0000746742336556689
"1000058",20100409,747,1.33905,1.33925,1.33895,1.339225,"Long",-0.000130672590490796
"1000059",20100409,748,1.339225,1.33935,1.339175,1.33925,"Short",0.0000186675129272092
"1000060",20100409,749,1.33925,1.339525,1.339225,1.339475,"Long",-0.000167976259355285
"1000061",20100409,750,1.339475,1.339475,1.339175,1.339275,"Short",-0.000149312230538068
"1000062",20100409,751,1.339275,1.33935,1.339175,1.339225,"Long",0.0000373350258544184
"1000063",20100409,752,1.339225,1.33925,1.339175,1.33925,"Short",0.0000186675129272092
"1000064",20100409,753,1.33925,1.339425,1.33925,1.339375,"Long",-0.0000933271115258466
"1000065",20100409,754,1.339375,1.33945,1.339325,1.33935,"Short",-0.0000186654223051362
"1000066",20100409,755,1.33935,1.339425,1.339325,1.339425,"Short",0.0000559973121290531
"1000067",20100409,756,1.339425,1.339525,1.33935,1.33945,"Short",0.0000186647255351675
"1000068",20100409,757,1.33945,1.33945,1.339325,1.339375,"Short",-0.0000559931315092368
"1000069",20100409,758,1.339375,1.33955,1.33935,1.33945,"Long",-0.0000559931315092368
"1000070",20100409,759,1.33945,1.33955,1.33945,1.33945,"Short",0
"1000071",20100409,800,1.33945,1.33945,1.33935,1.339425,"Long",0.0000186647255351675
"1000072",20100409,801,1.339425,1.339425,1.339175,1.33925,"Short",-0.000130653078746504
"1000073",20100409,802,1.33925,1.33925,1.33905,1.33905,"Long",0.000149359620626547
"1000074",20100409,803,1.33905,1.339125,1.33895,1.338975,"Long",0.0000560129950148787
"1000075",20100409,804,1.338975,1.339025,1.338925,1.339025,"Long",-0.0000373406023038281
"1000076",20100409,805,1.339025,1.339025,1.33875,1.33875,"Long",0.000205415499533
"1000077",20100409,806,1.33875,1.338775,1.33855,1.33855,"Long",0.000149415412199918
"1000078",20100409,807,1.33855,1.33865,1.33855,1.338625,"Long",-0.0000560276403025846
"1000079",20100409,808,1.338625,1.338625,1.338325,1.338325,"Long",0.000224160798012416
"1000080",20100409,809,1.338325,1.338525,1.338325,1.338525,"Long",-0.000149418202872548
"1000081",20100409,810,1.338525,1.338525,1.338275,1.33835,"Short",-0.000130740927513521
"1000082",20100409,811,1.33835,1.33845,1.338175,1.338225,"Long",0.0000934073119243257
"1000083",20100409,812,1.338225,1.338275,1.338025,1.338075,"Short",-0.000112088774309324
"1000084",20100409,813,1.338075,1.338325,1.338025,1.338225,"Long",-0.000112088774309324
"1000085",20100409,814,1.338225,1.33845,1.33805,1.33835,"Long",-0.0000933985878133005
"1000086",20100409,815,1.33835,1.338675,1.33835,1.33865,"Long",-0.000224106375826368
"1000087",20100409,816,1.33865,1.33865,1.33825,1.33835,"Short",-0.000224106375826368
"1000088",20100409,817,1.33835,1.338525,1.338225,1.338225,"Short",-0.0000933985878133005
"1000089",20100409,818,1.338225,1.33825,1.338075,1.33825,"Short",0.000018681462384832
"1000090",20100409,819,1.33825,1.338275,1.33795,1.33795,"Long",0.000224223625696003
"1000091",20100409,820,1.33795,1.33825,1.337875,1.33825,"Long",-0.000224173360732275
"1000092",20100409,821,1.33825,1.338275,1.338075,1.338075,"Short",-0.000130767793760535
"1000093",20100409,822,1.338075,1.338125,1.337825,1.33795,"Long",0.0000934265107066263
"1000094",20100409,823,1.33795,1.338025,1.337925,1.33795,"Short",0
"1000095",20100409,824,1.33795,1.33805,1.337775,1.33785,"Long",0.0000747467952311462
"1000096",20100409,825,1.33785,1.33795,1.337675,1.337875,"Long",-0.0000186863496215579
"1000097",20100409,826,1.337875,1.337925,1.33765,1.337725,"Short",-0.000112118097729513
"1000098",20100409,827,1.337725,1.337925,1.337725,1.33785,"Long",-0.0000934334940388913
"1000099",20100409,828,1.33785,1.33785,1.337675,1.337675,"Short",-0.000130806891654547
"1000100",20100409,829,1.337675,1.33775,1.337325,1.337575,"Long",0.0000747621628693636
"1000101",20100409,830,1.337575,1.337925,1.337525,1.337775,"Long",-0.000149501971557233
"1000102",20100409,831,1.337775,1.33785,1.337675,1.337675,"Long",0.0000747565739062097
"1000103",20100409,832,1.337675,1.33785,1.337575,1.337825,"Long",-0.000112122288042229
"1000104",20100409,833,1.337825,1.33785,1.33775,1.33785,"Short",0.0000186870480069828
"1000105",20100409,834,1.33785,1.33785,1.33775,1.33785,"Long",0
"1000106",20100409,835,1.33785,1.337925,1.337675,1.337725,"Short",-0.0000934334940388913
"1000107",20100409,836,1.337725,1.337825,1.33765,1.337825,"Long",-0.0000747481920280971
"1000108",20100409,837,1.337825,1.33785,1.33765,1.337725,"Short",-0.0000747481920280971
"1000109",20100409,838,1.337725,1.33785,1.337325,1.337325,"Long",0.000299104555736232
"1000110",20100409,839,1.337325,1.337425,1.33725,1.33725,"Long",0.000056085249579396
"1000111",20100409,840,1.33725,1.33725,1.336925,1.337025,"Long",0.000168284063499293
"1000112",20100409,841,1.337025,1.33725,1.337025,1.33715,"Long",-0.00009348240661119
"1000113",20100409,842,1.33715,1.337625,1.33715,1.337625,"Long",-0.000355106999345858
"1000114",20100409,843,1.337625,1.33765,1.337375,1.337575,"Short",-0.0000373796841417479
"1000115",20100409,844,1.337575,1.337725,1.33755,1.33765,"Short",0.0000560716221520642
"1000116",20100409,845,1.33765,1.33795,1.33765,1.337925,"Short",0.000205584420438848
"1000117",20100409,846,1.337925,1.337925,1.337775,1.337925,"Short",0
"1000118",20100409,847,1.337925,1.337925,1.337725,1.337925,"Short",0
"1000119",20100409,848,1.337925,1.338175,1.337925,1.338125,"Short",0.000149485210306989
"1000120",20100409,849,1.338125,1.338325,1.338075,1.338325,"Short",0.00014946286781876
"1000121",20100409,850,1.338325,1.338375,1.338275,1.338275,"Short",-0.0000373601330019864
"1000122",20100409,851,1.338275,1.338425,1.33825,1.33825,"Short",-0.0000186807644170023
"1000123",20100409,852,1.33825,1.33825,1.337975,1.338025,"Short",-0.000168130020549165
"1000124",20100409,853,1.338025,1.33815,1.33795,1.33815,"Long",-0.0000934125471732846
"1000125",20100409,854,1.33815,1.33825,1.338075,1.338175,"Long",-0.0000186821604049857
"1000126",20100409,855,1.338175,1.338425,1.338175,1.338425,"Long",-0.000186786708257903
"1000127",20100409,856,1.338425,1.33865,1.338425,1.33865,"Short",0.000168108037431996
"1000128",20100409,857,1.33865,1.33875,1.338575,1.33865,"Short",0
"1000129",20100409,858,1.33865,1.338725,1.33845,1.338475,"Short",-0.000130728719231923
"1000130",20100409,859,1.338475,1.338575,1.33825,1.33825,"Short",-0.000168101757597371
"1000131",20100409,900,1.33825,1.338375,1.33825,1.338325,"Long",-0.0000560401995031455
"1000132",20100409,901,1.338325,1.33845,1.338325,1.33835,"Long",-0.0000186797175626269
"1000133",20100409,902,1.33835,1.338475,1.33835,1.33835,"Long",0
"1000134",20100409,903,1.33835,1.338475,1.33835,1.338425,"Short",0.0000560391526880467
"1000135",20100409,904,1.338425,1.338625,1.33835,1.338575,"Short",0.000112072024954775
"1000136",20100409,905,1.338575,1.338575,1.338275,1.338275,"Short",-0.000224118932446794
"1000137",20100409,906,1.338275,1.338275,1.338075,1.338075,"Long",0.000149468452814827
"1000138",20100409,907,1.338075,1.338225,1.338075,1.338175,"Long",-0.0000747286416201087
"1000139",20100409,908,1.338175,1.338175,1.33805,1.338075,"Long",0.0000747342264073307
"1000140",20100409,909,1.338075,1.338125,1.338075,1.338075,"Long",0
"1000141",20100409,910,1.338075,1.33815,1.33775,1.33775,"Short",-0.000242886235823783
"1000142",20100409,911,1.33775,1.33785,1.337575,1.33785,"Long",-0.0000747467952311462
"1000143",20100409,912,1.33785,1.33785,1.337625,1.337625,"Long",0.00016820857863745
"1000144",20100409,913,1.337625,1.337775,1.337375,1.337375,"Long",0.000186933358257844
"1000145",20100409,914,1.337375,1.337375,1.337075,1.33735,"Long",0.0000186936852730712
"1000146",20100409,915,1.33735,1.33735,1.336925,1.33715,"Long",0.000149571850577705
"1000147",20100409,916,1.33715,1.337175,1.336975,1.337075,"Long",0.000056092590168874
"1000148",20100409,917,1.337075,1.33745,1.336975,1.33745,"Long",-0.000280384313432288
"1000149",20100409,918,1.33745,1.33795,1.337275,1.33795,"Short",0.000373845751242996
"1000150",20100409,919,1.33795,1.338025,1.337875,1.337975,"Short",0.0000186853021412921
"1000151",20100409,920,1.337975,1.337975,1.337475,1.33765,"Short",-0.000242904389095393
"1000152",20100409,921,1.33765,1.337825,1.337575,1.337675,"Short",0.0000186894927671227
"1000153",20100409,922,1.337675,1.338125,1.337475,1.337575,"Long",0.0000747621628693636
"1000154",20100409,923,1.337575,1.337575,1.33705,1.337075,"Long",0.00037395060112555
"1000155",20100409,924,1.337075,1.337275,1.33665,1.33665,"Long",0.000317959076796558
"1000156",20100409,925,1.33665,1.337025,1.336625,1.336975,"Long",-0.00024308607116822
"1000157",20100409,926,1.336975,1.337175,1.336875,1.337075,"Long",-0.00007479012022511
"1000158",20100409,927,1.337075,1.33725,1.336975,1.33725,"Long",-0.000130865582351869
"1000159",20100409,928,1.33725,1.337425,1.336875,1.336875,"Short",-0.000280426247896814
"1000160",20100409,929,1.336875,1.33755,1.33665,1.33755,"Long",-0.000504654031624972
"1000161",20100409,930,1.33755,1.33835,1.337475,1.338225,"Short",0.000504654031624972
"1000162",20100409,931,1.338225,1.33835,1.337975,1.33815,"Short",-0.0000560443871546618
"1000163",20100409,932,1.33815,1.339075,1.338125,1.33905,"Short",0.000672570339648113
"1000164",20100409,933,1.33905,1.33915,1.338775,1.339025,"Short",-0.0000186699525784428
"1000165",20100409,934,1.339025,1.339725,1.338975,1.339475,"Short",0.000336065420735282
"1000166",20100409,935,1.339475,1.339675,1.339275,1.33935,"Short",-0.0000933201440862508
"1000167",20100409,936,1.33935,1.341125,1.339275,1.341125,"Long",-0.00132351570509823
"1000168",20100409,937,1.341125,1.341275,1.340575,1.341025,"Short",-0.0000745642650759541
"1000169",20100409,938,1.341025,1.343025,1.34095,1.342675,"Short",0.00123040211778315
"1000170",20100409,939,1.342675,1.342675,1.341725,1.341775,"Short",-0.000670303684808403
"1000171",20100409,940,1.341775,1.342425,1.341625,1.34215,"Long",-0.00027940245129085
"1000172",20100409,941,1.34215,1.34325,1.342125,1.342525,"Short",0.00027940245129085
"1000173",20100409,942,1.342525,1.342575,1.34205,1.34235,"Long",0.000130368383804549
"1000174",20100409,943,1.34235,1.34355,1.34235,1.34345,"Short",0.000819458412485642
"1000175",20100409,944,1.34345,1.343675,1.342875,1.342925,"Short",-0.000390784919423952
"1000176",20100409,945,1.342925,1.343725,1.342725,1.34365,"Long",-0.000539575038142438
"1000177",20100409,946,1.34365,1.343825,1.342975,1.34315,"Short",-0.000372120715960216
"1000178",20100409,947,1.34315,1.343175,1.34285,1.34285,"Long",0.000223405443645952
"1000179",20100409,948,1.34285,1.342875,1.342525,1.342825,"Short",-0.0000186171203039534
"1000180",20100409,949,1.342825,1.342825,1.34245,1.342475,"Long",0.000260712489990391
"1000181",20100409,950,1.342475,1.343825,1.342475,1.343175,"Long",-0.000521153237664432
"1000182",20100409,951,1.343175,1.34415,1.343075,1.343625,"Short",0.000335027081355789
"1000183",20100409,952,1.343625,1.343925,1.343225,1.343425,"Short",-0.000148851055912161
"1000184",20100409,953,1.343425,1.34345,1.34315,1.343225,"Short",-0.000148873215847703
"1000185",20100409,954,1.343225,1.343575,1.343025,1.343425,"Short",0.000148895382382103
"1000186",20100409,955,1.343425,1.343425,1.342925,1.342925,"Short",-0.000372183039619009
"1000187",20100409,956,1.342925,1.34305,1.34285,1.342925,"Long",0
"1000188",20100409,957,1.342925,1.34365,1.342925,1.34365,"Long",-0.000539575038142438
"1000189",20100409,958,1.34365,1.344375,1.343625,1.344025,"Short",0.000279090536970204
"1000190",20100409,959,1.344025,1.34415,1.34375,1.343825,"Short",-0.000148806755826698
"1000191",20100409,1000,1.343825,1.34455,1.343775,1.34405,"Short",0.00016743251539443
"1000192",20100409,1001,1.34405,1.344775,1.34405,1.344375,"Short",0.000241806480413772
"1000193",20100409,1002,1.344375,1.344525,1.344075,1.344175,"Short",-0.00014876801487695
"1000194",20100409,1003,1.344175,1.34525,1.344075,1.344475,"Short",0.000223185225138236
"1000195",20100409,1004,1.344475,1.34455,1.34425,1.34425,"Short",-0.000167351568456194
"1000196",20100409,1005,1.34425,1.344825,1.344175,1.34455,"Long",-0.000223122977947988
"1000197",20100409,1006,1.34455,1.345225,1.344525,1.34505,"Short",0.000371871629913478
"1000198",20100409,1007,1.34505,1.345875,1.345025,1.345775,"Short",0.00053901341957538
"1000199",20100409,1008,1.345775,1.346075,1.345475,1.345675,"Short",-0.0000743066262933915
"1000200",20100409,1009,1.345675,1.346975,1.345625,1.34675,"Short",0.000798855592918006
"1000201",20100409,1010,1.34675,1.34675,1.346325,1.346425,"Short",-0.00024132170038976
"1000202",20100409,1011,1.346425,1.347275,1.346375,1.34685,"Short",0.000315650704643868
"1000203",20100409,1012,1.34685,1.34685,1.34635,1.34635,"Short",-0.000371236589078343
"1000204",20100409,1013,1.34635,1.346525,1.34615,1.34625,"Long",0.0000742804085422388
"1000205",20100409,1014,1.34625,1.346525,1.346025,1.346025,"Short",-0.000167130919219996
"1000206",20100409,1015,1.346025,1.346375,1.345975,1.346325,"Long",-0.000222828811765337
"1000207",20100409,1016,1.346325,1.346525,1.34605,1.34605,"Short",-0.000204259744118267
"1000208",20100409,1017,1.34605,1.346175,1.346025,1.346175,"Long",-0.0000928556836963476
"1000209",20100409,1018,1.346175,1.346475,1.346125,1.34625,"Short",0.0000557134102178745
"1000210",20100409,1019,1.34625,1.34625,1.34575,1.345825,"Long",0.00031579142904902
"1000211",20100409,1020,1.345825,1.345925,1.34575,1.345775,"Long",0.0000371533131467783
"1000212",20100409,1021,1.345775,1.346275,1.345675,1.345775,"Long",0
"1000213",20100409,1022,1.345775,1.345825,1.345625,1.345775,"Long",0
"1000214",20100409,1023,1.345775,1.345775,1.34555,1.345575,"Long",0.000148635341768373
"1000215",20100409,1024,1.345575,1.34575,1.34545,1.34575,"Long",-0.000130039011703538
"1000216",20100409,1025,1.34575,1.345775,1.345575,1.34575,"Short",0
"1000217",20100409,1026,1.34575,1.34575,1.34555,1.34565,"Long",0.0000743135287779058
"1000218",20100409,1027,1.34565,1.34575,1.34535,1.345375,"Short",-0.000204362204139282
"1000219",20100409,1028,1.345375,1.345425,1.341425,1.341425,"Short",-0.00293598439096899
"1000220",20100409,1029,1.341425,1.344325,1.34125,1.343825,"Long",-0.00178594683087452
"1000221",20100409,1030,1.343825,1.34505,1.34335,1.34395,"Short",0.0000930180641079982
"1000222",20100409,1031,1.34395,1.34515,1.343925,1.344475,"Long",-0.000390486993064288
"1000223",20100409,1032,1.344475,1.34455,1.34385,1.343925,"Short",-0.000409081611781588
"1000224",20100409,1033,1.343925,1.344025,1.343225,1.343225,"Long",0.000521133838336947
"1000225",20100409,1034,1.343225,1.34345,1.342775,1.343075,"Long",0.000111684008711258
"1000226",20100409,1035,1.343075,1.343375,1.34305,1.34325,"Long",-0.000130281034803675
"1000227",20100409,1036,1.34325,1.343575,1.34305,1.343575,"Long",-0.000241891967325909
"1000228",20100409,1037,1.343575,1.344275,1.34355,1.344025,"Short",0.000334927339374476
"1000229",20100409,1038,1.344025,1.344025,1.343575,1.343975,"Short",-0.0000372016889567571
"1000230",20100409,1039,1.343975,1.344125,1.34365,1.344125,"Short",0.000111609218921553
"1000231",20100409,1040,1.344125,1.344125,1.34375,1.343825,"Short",-0.000223193527387681
"1000232",20100409,1041,1.343825,1.34445,1.34345,1.34445,"Long",-0.000464874112090353
"1000233",20100409,1042,1.34445,1.34485,1.34445,1.34455,"Short",0.0000743798579344632
"1000234",20100409,1043,1.34455,1.34485,1.34445,1.344775,"Short",0.000167342233461115
"1000235",20100409,1044,1.344775,1.345125,1.344775,1.345025,"Short",0.000185904705247987
"1000236",20100409,1045,1.345025,1.345225,1.34475,1.345175,"Short",0.00011152209066753
"1000237",20100409,1046,1.345175,1.345275,1.344775,1.344825,"Short",-0.000260189194714496
"1000238",20100409,1047,1.344825,1.344875,1.344575,1.34485,"Long",-0.0000185894337659693
"1000239",20100409,1048,1.34485,1.34485,1.344475,1.34455,"Short",-0.00022307320519031
"1000240",20100409,1049,1.34455,1.34475,1.344525,1.344725,"Long",-0.000130138132331916
"1000241",20100409,1050,1.344725,1.344825,1.34425,1.34435,"Short",-0.000278867426425488
"1000242",20100409,1051,1.34435,1.34485,1.34425,1.344775,"Long",-0.000316037998921842
"1000243",20100409,1052,1.344775,1.345475,1.344775,1.345175,"Short",0.000297447528396911
"1000244",20100409,1053,1.345175,1.34545,1.344625,1.344925,"Short",-0.000185849424796092
"1000245",20100409,1054,1.344925,1.345375,1.34475,1.34525,"Short",0.000241649162592807
"1000246",20100409,1055,1.34525,1.34535,1.344925,1.345025,"Short",-0.000167255157034114
"1000247",20100409,1056,1.345025,1.345025,1.343725,1.344175,"Long",0.000632358137891285
"1000248",20100409,1057,1.344175,1.344225,1.343825,1.344075,"Long",0.0000744006100849945
"1000249",20100409,1058,1.344075,1.344125,1.343675,1.344075,"Long",0
"1000250",20100409,1059,1.344075,1.34455,1.343675,1.34455,"Long",-0.000353278048417689
"1000251",20100409,1100,1.34455,1.344675,1.34445,1.344625,"Short",0.0000557807444870382
"1000252",20100409,1101,1.344625,1.344975,1.344625,1.34475,"Short",0.0000929627219484471
"1000253",20100409,1102,1.34475,1.34475,1.344625,1.344625,"Short",-0.0000929540806840905
"1000254",20100409,1103,1.344625,1.344925,1.344525,1.344775,"Long",-0.000111542823148924
"1000255",20100409,1104,1.344775,1.34485,1.34445,1.344575,"Short",-0.000148723764198455
"1000256",20100409,1105,1.344575,1.344725,1.344425,1.344525,"Long",0.0000371878544468162
"1000257",20100409,1106,1.344525,1.344525,1.344275,1.34435,"Short",-0.000130157490563609
"1000258",20100409,1107,1.34435,1.34445,1.34425,1.34425,"Long",0.0000743909243072263
"1000259",20100409,1108,1.34425,1.344325,1.344075,1.344075,"Long",0.000130201067648782
"1000260",20100409,1109,1.344075,1.344625,1.344075,1.34455,"Long",-0.000353278048417689
"1000261",20100409,1110,1.34455,1.344725,1.34435,1.344525,"Short",-0.0000185935814956244
"1000262",20100409,1111,1.344525,1.344625,1.344425,1.344575,"Short",0.0000371878544468162
"1000263",20100409,1112,1.344575,1.34505,1.344575,1.34495,"Short",0.000278898536712355
"1000264",20100409,1113,1.34495,1.345575,1.34495,1.34545,"Short",0.000371761032008584
"1000265",20100409,1114,1.34545,1.34555,1.345275,1.34555,"Short",0.0000743245754208547
"1000266",20100409,1115,1.34555,1.345825,1.345525,1.34575,"Short",0.000148638103377785
"1000267",20100409,1116,1.34575,1.34685,1.34565,1.346725,"Short",0.000724503065205237
"1000268",20100409,1117,1.346725,1.347225,1.34665,1.34705,"Short",0.000241326180177936
"1000269",20100409,1118,1.34705,1.34735,1.346775,1.347025,"Short",-0.0000185590735311709
"1000270",20100409,1119,1.347025,1.34775,1.346975,1.34745,"Short",0.000315510105603177
"1000271",20100409,1120,1.34745,1.347725,1.347225,1.34745,"Short",0
"1000272",20100409,1121,1.34745,1.34875,1.34745,1.34845,"Long",-0.000741592198449991
"1000273",20100409,1122,1.34845,1.34855,1.348175,1.348425,"Short",-0.0000185398049612086
"1000274",20100409,1123,1.348425,1.348925,1.348125,1.348925,"Short",0.000370802973839809
"1000275",20100409,1124,1.348925,1.349075,1.34875,1.34875,"Short",-0.000129732935485691
"1000276",20100409,1125,1.34875,1.348775,1.348475,1.34875,"Short",0
"1000277",20100409,1126,1.34875,1.34875,1.34805,1.34805,"Short",-0.000518999073215884
"1000278",20100409,1127,1.34805,1.348125,1.34795,1.34795,"Long",0.0000741867279943536
"1000279",20100409,1128,1.34795,1.34795,1.34775,1.347825,"Long",0.0000927420102757633
"1000280",20100409,1129,1.347825,1.34815,1.347675,1.348125,"Long",-0.000222531293463119
"1000281",20100409,1130,1.348125,1.34875,1.34805,1.34875,"Long",-0.000463392029656998
"1000282",20100409,1131,1.34875,1.349125,1.348675,1.348675,"Short",-0.0000556070435587212
"1000283",20100409,1132,1.348675,1.34885,1.34865,1.348725,"Short",0.0000370734239159794
"1000284",20100409,1133,1.348725,1.348825,1.348525,1.34855,"Short",-0.00012975217334893
"1000285",20100409,1134,1.34855,1.348775,1.34855,1.34875,"Long",-0.000148285449490252
"1000286",20100409,1135,1.34875,1.34885,1.348275,1.348275,"Short",-0.000352177942539391
"1000287",20100409,1136,1.348275,1.348525,1.348275,1.348525,"Long",-0.00018538773845504
"1000288",20100409,1137,1.348525,1.348875,1.348525,1.348825,"Short",0.00022246528614595
"1000289",20100409,1138,1.348825,1.34885,1.34855,1.348625,"Long",0.000148299193623118
"1000290",20100409,1139,1.348625,1.348725,1.348475,1.348525,"Short",-0.0000741495968115592
"1000291",20100409,1140,1.348525,1.348625,1.348275,1.348275,"Short",-0.00018538773845504
"1000292",20100409,1141,1.348275,1.348375,1.34815,1.34815,"Long",0.0000927196528575683
"1000293",20100409,1142,1.34815,1.34825,1.347925,1.34805,"Long",0.0000741812247320122
"1000294",20100409,1143,1.34805,1.34825,1.34805,1.34815,"Long",-0.0000741757222860876
"1000295",20100409,1144,1.34815,1.348175,1.34795,1.347975,"Long",0.000129824366178925
"1000296",20100409,1145,1.347975,1.348075,1.34795,1.348075,"Long",-0.000074179849043999
"1000297",20100409,1146,1.348075,1.34815,1.347675,1.34775,"Short",-0.000241084509392956
"1000298",20100409,1147,1.34775,1.347875,1.34765,1.347875,"Long",-0.0000927385699711997
"1000299",20100409,1148,1.347875,1.34805,1.34755,1.34775,"Short",-0.0000927385699711997
"1000300",20100409,1149,1.34775,1.34775,1.34725,1.34735,"Long",0.000296879058893351
"1000301",20100409,1150,1.34735,1.347425,1.34725,1.347425,"Long",-0.0000556617251424363
"1000302",20100409,1151,1.347425,1.347425,1.346775,1.34685,"Long",0.000426922077439947
"1000303",20100409,1152,1.34685,1.347025,1.346825,1.346875,"Long",-0.0000185614849187502
"1000304",20100409,1153,1.346875,1.346975,1.346775,1.34685,"Long",0.0000185618294538677
"1000305",20100409,1154,1.34685,1.346975,1.34685,1.346975,"Long",-0.0000928005345310275
"1000306",20100409,1155,1.346975,1.34735,1.34675,1.34725,"Short",0.000204161175968392
"1000307",20100409,1156,1.34725,1.347325,1.34695,1.347025,"Short",-0.000167006865837923
"1000308",20100409,1157,1.347025,1.347075,1.346775,1.34685,"Short",-0.000129915925836428
"1000309",20100409,1158,1.34685,1.34695,1.346825,1.34685,"Long",0
"1000310",20100409,1159,1.34685,1.34685,1.346625,1.34675,"Long",0.0000742528308893344
"1000311",20100409,1200,1.34675,1.346775,1.34665,1.34675,"Long",0
"1000312",20100409,1201,1.34675,1.346975,1.34675,1.346925,"Long",-0.00012992557120852
"1000313",20100409,1202,1.346925,1.346975,1.346925,1.34695,"Short",0.0000185607958870492
"1000314",20100409,1203,1.34695,1.34695,1.346775,1.346825,"Short",-0.0000928022569510025
"1000315",20100409,1204,1.346825,1.34685,1.34665,1.346675,"Short",-0.00011137304401082
"1000316",20100409,1205,1.346675,1.346825,1.34665,1.34675,"Long",-0.0000556896231667535
"1000317",20100409,1206,1.34675,1.34705,1.34675,1.34705,"Long",-0.000222708882372732
"1000318",20100409,1207,1.34705,1.347125,1.346875,1.34695,"Short",-0.0000742362941241891
"1000319",20100409,1208,1.34695,1.34715,1.34685,1.34715,"Short",0.000148483611121406
"1000320",20100409,1209,1.34715,1.347175,1.347125,1.347125,"Short",-0.0000185576958766015
"1000321",20100409,1210,1.347125,1.347175,1.347125,1.34715,"Long",-0.0000185576958766015
"1000322",20100409,1211,1.34715,1.347525,1.34715,1.347525,"Short",0.00027836543814721
"1000323",20100409,1212,1.347525,1.34765,1.34745,1.347625,"Short",0.0000742101259716807
"1000324",20100409,1213,1.347625,1.347675,1.347275,1.34735,"Short",-0.000204062702903274
"1000325",20100409,1214,1.34735,1.347475,1.34725,1.347275,"Short",-0.0000556648235425444
"1000326",20100409,1215,1.347275,1.347375,1.347225,1.347325,"Long",-0.0000371105709462123
"1000327",20100409,1216,1.347325,1.34735,1.34725,1.347325,"Long",0
"1000328",20100409,1217,1.347325,1.34765,1.347325,1.347575,"Long",-0.000185518431256042
"1000329",20100409,1218,1.347575,1.347575,1.34735,1.34745,"Short",-0.0000927592156280212
"1000330",20100409,1219,1.34745,1.34745,1.34735,1.34735,"Short",-0.0000742142565586767
"1000331",20100409,1220,1.34735,1.34735,1.34725,1.34725,"Short",-0.0000742197647233376
"1000332",20100409,1221,1.34725,1.347625,1.34725,1.347625,"Long",-0.000278267322140814
"1000333",20100409,1222,1.347625,1.34775,1.347575,1.34775,"Short",0.000092755774046883
"1000334",20100409,1223,1.34775,1.34775,1.34775,1.34775,"Short",0
"1000335",20100409,1224,1.34775,1.34815,1.34765,1.34815,"Short",0.000296790947876057
"1000336",20100409,1225,1.34815,1.34815,1.347625,1.34785,"Short",-0.000222527166858263
"1000337",20100409,1226,1.34785,1.348325,1.34775,1.348125,"Long",-0.0002039870190079
"1000338",20100409,1227,1.348125,1.348125,1.34795,1.348075,"Short",-0.0000370885489106021
"1000339",20100409,1228,1.348075,1.348175,1.34795,1.347975,"Long",0.0000741853521022192
"1000340",20100409,1229,1.347975,1.347975,1.34765,1.34765,"Short",-0.000241102394332171
"1000341",20100409,1230,1.34765,1.347725,1.347575,1.34765,"Long",0
"1000342",20100409,1231,1.34765,1.34765,1.34745,1.347525,"Long",0.0000927626574645596
"1000343",20100409,1232,1.347525,1.34755,1.347275,1.347275,"Long",0.000185559740958664
"1000344",20100409,1233,1.347275,1.347425,1.34725,1.34735,"Long",-0.0000556648235425444
"1000345",20100409,1234,1.34735,1.34735,1.347075,1.347075,"Long",0.000204146020080564
"1000346",20100409,1235,1.347075,1.347325,1.347075,1.347325,"Long",-0.000185552854730732
"1000347",20100409,1236,1.347325,1.347475,1.347325,1.34735,"Short",0.0000185552854730238
"1000348",20100409,1237,1.34735,1.347475,1.34735,1.347475,"Long",-0.0000927660995565266
"1000349",20100409,1238,1.347475,1.347525,1.347375,1.347375,"Short",-0.0000742128796452543
"1000350",20100409,1239,1.347375,1.347375,1.346875,1.34695,"Short",-0.000315428147323423
"1000351",20100409,1240,1.34695,1.34725,1.34695,1.347075,"Long",-0.0000927936454911053
"1000352",20100409,1241,1.347075,1.34715,1.346975,1.34715,"Long",-0.000055673087629475
"1000353",20100409,1242,1.34715,1.34725,1.347125,1.34725,"Long",-0.0000742252737056886
"1000354",20100409,1243,1.34725,1.34725,1.34715,1.347175,"Short",-0.0000556689552793077
"1000355",20100409,1244,1.347175,1.347225,1.34715,1.34715,"Short",-0.0000185573514947514
"1000356",20100409,1245,1.34715,1.34715,1.346975,1.34705,"Short",-0.0000742307835059117
"1000357",20100409,1246,1.34705,1.34705,1.346925,1.34695,"Long",0.0000742418055607031
"1000358",20100409,1247,1.34695,1.34705,1.346825,1.346925,"Long",0.0000185607958870492
"1000359",20100409,1248,1.346925,1.34715,1.34685,1.34705,"Long",-0.00009279536765536
"1000360",20100409,1249,1.34705,1.34715,1.34705,1.34715,"Long",-0.0000742307835059117
"1000361",20100409,1250,1.34715,1.34715,1.34695,1.34695,"Short",-0.000148461567011823
"1000362",20100409,1251,1.34695,1.347025,1.34685,1.34685,"Short",-0.0000742418055607031
"1000363",20100409,1252,1.34685,1.346875,1.34685,1.346875,"Long",-0.0000185614849187502
"1000364",20100409,1253,1.346875,1.346875,1.346775,1.34685,"Long",0.0000185618294538677
"1000365",20100409,1254,1.34685,1.34685,1.34675,1.34675,"Long",0.0000742528308893344
"1000366",20100409,1255,1.34675,1.346925,1.34675,1.346875,"Long",-0.0000928074245940809
"1000367",20100409,1256,1.346875,1.346925,1.346825,1.346925,"Short",0.0000371229698375005
"1000368",20100409,1257,1.346925,1.346925,1.34685,1.34685,"Short",-0.0000556823876606531
"1000369",20100409,1258,1.34685,1.34685,1.346675,1.346725,"Short",-0.0000928091472696683
"1000370",20100409,1259,1.346725,1.346725,1.346525,1.3466,"Long",0.0000928263775433913
"1000371",20100409,1300,1.3466,1.34685,1.34655,1.346825,"Long",-0.000167059566016312
"1000372",20100409,1301,1.346825,1.34725,1.346775,1.34715,"Long",-0.000241250046394337
"1000373",20100409,1302,1.34715,1.34735,1.34715,1.34725,"Short",0.0000742307835059117
"1000374",20100409,1303,1.34725,1.34725,1.347075,1.34715,"Short",-0.0000742252737056886
"1000375",20100409,1304,1.34715,1.34715,1.34695,1.34695,"Short",-0.000148461567011823
"1000376",20100409,1305,1.34695,1.34695,1.346775,1.346825,"Long",0.0000928108700092089
"1000377",20100409,1306,1.346825,1.34685,1.346675,1.34685,"Long",-0.0000185618294540326
"1000378",20100409,1307,1.34685,1.34695,1.34675,1.34675,"Long",0.0000742528308893344
"1000379",20100409,1308,1.34675,1.34685,1.34665,1.34685,"Long",-0.0000742473178158006
"1000380",20100409,1309,1.34685,1.346875,1.34675,1.34675,"Short",-0.0000742473178158006
"1000381",20100409,1310,1.34675,1.346775,1.346675,1.34675,"Long",0
"1000382",20100409,1311,1.34675,1.34675,1.34665,1.34665,"Short",-0.0000742528308891695
"1000383",20100409,1312,1.34665,1.34665,1.346625,1.34665,"Long",0
"1000384",20100409,1313,1.34665,1.34675,1.346625,1.34675,"Long",-0.0000742528308891695
"1000385",20100409,1314,1.34675,1.34685,1.34675,1.34685,"Long",-0.0000742473178158006
"1000386",20100409,1315,1.34685,1.346925,1.346775,1.346775,"Short",-0.000055685488361768
"1000387",20100409,1316,1.346775,1.34685,1.34675,1.34675,"Short",-0.0000185628631361317
"1000388",20100409,1317,1.34675,1.34685,1.34675,1.34685,"Short",0.0000742528308893344
"1000389",20100409,1318,1.34685,1.34685,1.34685,1.34685,"Short",0
"1000390",20100409,1319,1.34685,1.347375,1.34685,1.347325,"Long",-0.000352550423988275
"1000391",20100409,1320,1.347325,1.34735,1.34725,1.34725,"Short",-0.0000556658564192361
"1000392",20100409,1321,1.34725,1.34725,1.34705,1.34705,"Short",-0.000148450547411377
"1000393",20100409,1322,1.34705,1.34705,1.34705,1.34705,"Short",0
"1000394",20100409,1323,1.34705,1.34705,1.34705,1.34705,"Long",0
"1000395",20100409,1324,1.34705,1.34725,1.346975,1.34725,"Long",-0.000148450547411377
"1000396",20100409,1325,1.34725,1.34735,1.34725,1.34735,"Short",0.0000742252737056886
"1000397",20100409,1326,1.34735,1.347375,1.34715,1.347175,"Short",-0.000129884588265882
"1000398",20100409,1327,1.347175,1.347175,1.34715,1.347175,"Short",0
"1000399",20100409,1328,1.347175,1.34735,1.347175,1.34725,"Long",-0.0000556689552793077
"1000400",20100409,1329,1.34725,1.34755,1.34725,1.34745,"Long",-0.000148428513117353
"1000401",20100409,1330,1.34745,1.34745,1.34735,1.34745,"Short",0
"1000402",20100409,1331,1.34745,1.34745,1.34735,1.34735,"Short",-0.0000742142565586767
"1000403",20100409,1332,1.34735,1.34735,1.347275,1.347275,"Short",-0.0000556648235425444
"1000404",20100409,1333,1.347275,1.347425,1.347275,1.347325,"Long",-0.0000371105709462123
"1000405",20100409,1334,1.347325,1.347325,1.34725,1.34725,"Long",0.0000556689552793077
"1000406",20100409,1335,1.34725,1.347275,1.34705,1.347125,"Long",0.0000927902013548504
"1000407",20100409,1336,1.347125,1.347225,1.34705,1.347075,"Long",0.0000371174581963762
"1000408",20100409,1337,1.347075,1.347275,1.347075,1.34725,"Long",-0.000129894228984996
"1000409",20100409,1338,1.34725,1.347425,1.34725,1.34735,"Long",-0.0000742197647233376
"1000410",20100409,1339,1.34735,1.34735,1.347325,1.34735,"Short",0
"1000411",20100409,1340,1.34735,1.34735,1.34725,1.34725,"Short",-0.0000742197647233376
"1000412",20100409,1341,1.34725,1.34725,1.347225,1.347225,"Short",-0.0000185563184265458
"1000413",20100409,1342,1.347225,1.34725,1.347175,1.34725,"Long",-0.0000185563184265458
"1000414",20100409,1343,1.34725,1.34725,1.34715,1.34725,"Long",0
"1000415",20100409,1344,1.34725,1.347425,1.347225,1.34735,"Long",-0.0000742197647233376
"1000416",20100409,1345,1.34735,1.34735,1.34725,1.347275,"Short",-0.0000556648235425444
"1000417",20100409,1346,1.347275,1.34735,1.347275,1.34735,"Long",-0.0000556648235425444
"1000418",20100409,1347,1.34735,1.34735,1.34735,1.34735,"Short",0
"1000419",20100409,1348,1.34735,1.347425,1.34735,1.34735,"Long",0
"1000420",20100409,1349,1.34735,1.34735,1.34725,1.34725,"Short",-0.0000742197647233376
"1000421",20100409,1350,1.34725,1.34725,1.347225,1.347225,"Long",0.0000185566627698891
"1000422",20100409,1351,1.347225,1.347275,1.34705,1.3472,"Long",0.0000185570071258475
"1000423",20100409,1352,1.3472,1.34725,1.347125,1.347125,"Long",0.0000556741208128772
"1000424",20100409,1353,1.347125,1.34715,1.346975,1.34705,"Long",0.0000556772205930182
"1000425",20100409,1354,1.34705,1.34715,1.347025,1.34705,"Long",0
"1000426",20100409,1355,1.34705,1.34705,1.34705,1.34705,"Long",0
"1000427",20100409,1356,1.34705,1.34705,1.346925,1.346925,"Long",0.0000928039794347516
"1000428",20100409,1357,1.346925,1.34705,1.346925,1.34695,"Long",-0.0000185604513902994
"1000429",20100409,1358,1.34695,1.34695,1.3469,1.34695,"Long",0
"1000430",20100409,1359,1.34695,1.346975,1.34675,1.346775,"Long",0.000129940041952098
"1000431",20100409,1400,1.346775,1.34685,1.346525,1.346725,"Long",0.0000371271046428228
"1000432",20100409,1401,1.346725,1.346725,1.346625,1.34665,"Long",0.0000556937585861562
"1000433",20100409,1402,1.34665,1.346675,1.34655,1.34655,"Long",0.0000742638594927697
"1000434",20100409,1403,1.34655,1.346625,1.34655,1.346625,"Long",-0.0000556947925369329
"1000435",20100409,1404,1.346625,1.346675,1.34655,1.346625,"Long",0
"1000436",20100409,1405,1.346625,1.346625,1.346525,1.34655,"Long",0.0000556978946196185
"1000437",20100409,1406,1.34655,1.346775,1.34655,1.34675,"Long",-0.000148505661778339
"1000438",20100409,1407,1.34675,1.34685,1.346625,1.34665,"Short",-0.0000742528308891695
"1000439",20100409,1408,1.34665,1.346725,1.34645,1.34655,"Long",0.0000742638594927697
"1000440",20100409,1409,1.34655,1.34655,1.34595,1.346125,"Short",-0.00031562140284423
"1000441",20100409,1410,1.346125,1.346325,1.346125,1.346325,"Long",-0.000148552541176891
"1000442",20100409,1411,1.346325,1.346325,1.346175,1.34625,"Long",0.0000557103064067203
"1000443",20100409,1412,1.34625,1.346325,1.34625,1.346325,"Long",-0.0000557072029413754
"1000444",20100409,1413,1.346325,1.346425,1.34615,1.34615,"Short",-0.000129983473529821
"1000445",20100409,1414,1.34615,1.34615,1.34605,1.346075,"Long",0.0000557175491707722
"1000446",20100409,1415,1.346075,1.34615,1.34605,1.34615,"Long",-0.0000557144448984491
"1000447",20100409,1416,1.34615,1.346225,1.34605,1.346175,"Long",-0.0000185711367392365
"1000448",20100409,1417,1.346175,1.346175,1.346125,1.34615,"Long",0.0000185714816327614
"1000449",20100409,1418,1.34615,1.34615,1.346125,1.346125,"Short",-0.0000185714816327614
"1000450",20100409,1419,1.346125,1.346125,1.34605,1.346125,"Long",0
"1000451",20100409,1420,1.346125,1.346225,1.346125,1.34615,"Long",-0.0000185714816327614
"1000452",20100409,1421,1.34615,1.34625,1.346125,1.34615,"Long",0
"1000453",20100409,1422,1.34615,1.34635,1.34615,1.34635,"Long",-0.000148549782745926
"1000454",20100409,1423,1.34635,1.34655,1.34635,1.34655,"Short",0.000148549782745926
"1000455",20100409,1424,1.34655,1.346725,1.346475,1.346725,"Short",0.000129961754112388
"1000456",20100409,1425,1.346725,1.346875,1.34665,1.346875,"Short",0.000111381313928303
"1000457",20100409,1426,1.346875,1.346925,1.34665,1.34665,"Short",-0.000167053364269247
"1000458",20100409,1427,1.34665,1.346725,1.34665,1.346725,"Short",0.0000556937585861562
"1000459",20100409,1428,1.346725,1.34685,1.34665,1.346725,"Short",0
"1000460",20100409,1429,1.346725,1.34675,1.34665,1.346725,"Long",0
"1000461",20100409,1430,1.346725,1.346825,1.346675,1.34675,"Short",0.000018563552321329
"1000462",20100409,1431,1.34675,1.34675,1.34675,1.34675,"Short",0
"1000463",20100409,1432,1.34675,1.34675,1.34675,1.34675,"Short",0
"1000464",20100409,1433,1.34675,1.34675,1.346625,1.346625,"Short",-0.0000928160386114206
"1000465",20100409,1434,1.346625,1.346625,1.34655,1.34655,"Long",0.0000556978946196185
"1000466",20100409,1435,1.34655,1.34665,1.346525,1.346525,"Long",0.0000185663095746026
"1000467",20100409,1436,1.346525,1.34655,1.346225,1.346325,"Long",0.000148552541176891
"1000468",20100409,1437,1.346325,1.34645,1.346325,1.346325,"Long",0
"1000469",20100409,1438,1.346325,1.34635,1.34555,1.345575,"Short",-0.000557072029413424
"1000470",20100409,1439,1.345575,1.345575,1.345275,1.34535,"Long",0.000167242724941405
"1000471",20100409,1440,1.34535,1.345425,1.34525,1.345275,"Long",0.0000557506829459012
"1000472",20100409,1441,1.345275,1.34545,1.34525,1.34545,"Long",-0.000130068006986537
"1000473",20100409,1442,1.34545,1.345475,1.34535,1.345425,"Long",0.0000185814891204948
"1000474",20100409,1443,1.345425,1.345425,1.34485,1.345125,"Short",-0.000222977869446598
"1000475",20100409,1444,1.345125,1.345125,1.344875,1.34495,"Long",0.000130116361202881
"1000476",20100409,1445,1.34495,1.34525,1.34495,1.345125,"Long",-0.000130099433138046
"1000477",20100409,1446,1.345125,1.345325,1.345075,1.345125,"Long",0
"1000478",20100409,1447,1.345125,1.34515,1.344975,1.345125,"Long",0
"1000479",20100409,1448,1.345125,1.34525,1.345075,1.345225,"Short",0.0000743425332218114
"1000480",20100409,1449,1.345225,1.34525,1.34515,1.34525,"Short",0.0000185842517052268
"1000481",20100409,1450,1.34525,1.34535,1.345225,1.345275,"Short",0.0000185839063370687
"1000482",20100409,1451,1.345275,1.345325,1.34515,1.345175,"Short",-0.0000743342439278133
"1000483",20100409,1452,1.345175,1.345175,1.34505,1.34505,"Long",0.0000929333482026175
"1000484",20100409,1453,1.34505,1.34505,1.34465,1.34465,"Long",0.00029747517941485
"1000485",20100409,1454,1.34465,1.344825,1.34465,1.344825,"Long",-0.000130128455375262
"1000486",20100409,1455,1.344825,1.345325,1.344775,1.34525,"Long",-0.000315926407730994
"1000487",20100409,1456,1.34525,1.345425,1.345175,1.345175,"Short",-0.0000557517190113713
"1000488",20100409,1457,1.345175,1.345175,1.345125,1.34515,"Short",-0.0000185849424795597
"1000489",20100409,1458,1.34515,1.345425,1.34515,1.345375,"Short",0.000167267590974925
"1000490",20100409,1459,1.345375,1.34555,1.345325,1.34555,"Short",0.00013007525782777
"1000491",20100409,1500,1.34555,1.345675,1.34555,1.345625,"Short",0.0000557392887667104
"1000492",20100409,1501,1.345625,1.34595,1.345575,1.34585,"Short",0.000167208546214525
"1000493",20100409,1502,1.34585,1.34675,1.34585,1.346675,"Short",0.000612995504699688
"1000494",20100409,1503,1.346675,1.346725,1.34645,1.346575,"Short",-0.0000742569662316364
"1000495",20100409,1504,1.346575,1.34705,1.346525,1.34705,"Short",0.000352746783506305
"1000496",20100409,1505,1.34705,1.347725,1.34685,1.347725,"Short",0.000501094985338318
"1000497",20100409,1506,1.347725,1.347725,1.3472,1.347225,"Short",-0.000370995566603103
"1000498",20100409,1507,1.347225,1.347225,1.34685,1.34685,"Short",-0.000278349941546358
"1000499",20100409,1508,1.34685,1.34695,1.34685,1.346925,"Short",0.0000556854883616032
"1000500",20100409,1509,1.346925,1.346925,1.346875,1.346925,"Long",0
"1000501",20100409,1510,1.346925,1.347025,1.346925,1.347025,"Long",-0.0000742376719066008
"1000502",20100409,1511,1.347025,1.34705,1.34695,1.34695,"Short",-0.000055678253929827
"1000503",20100409,1512,1.34695,1.34695,1.34695,1.34695,"Long",0
"1000504",20100409,1513,1.34695,1.34695,1.346925,1.34695,"Short",0
"1000505",20100409,1514,1.34695,1.346975,1.34695,1.346975,"Long",-0.0000185601069061725
"1000506",20100409,1515,1.346975,1.346975,1.346925,1.346925,"Short",-0.0000371202138125099
"1000507",20100409,1516,1.346925,1.34715,1.346925,1.34715,"Long",-0.000167019262888425
"1000508",20100409,1517,1.34715,1.347325,1.347125,1.347325,"Short",0.000129903871135387
"1000509",20100409,1518,1.347325,1.347325,1.34715,1.34725,"Short",-0.0000556658564192361
"1000510",20100409,1519,1.34725,1.34755,1.34725,1.347475,"Short",0.000167006865837758
"1000511",20100409,1520,1.347475,1.347575,1.347275,1.347525,"Short",0.0000371064398227095
"1000512",20100409,1521,1.347525,1.347525,1.34745,1.347525,"Short",0
"1000513",20100409,1522,1.347525,1.347525,1.34735,1.347525,"Short",0
"1000514",20100409,1523,1.347525,1.34785,1.347525,1.347775,"Long",-0.00018549090167117
"1000515",20100409,1524,1.347775,1.347775,1.347725,1.34775,"Short",-0.0000185490901670841
"1000516",20100409,1525,1.34775,1.34775,1.34755,1.347575,"Short",-0.000129846039695816
"1000517",20100409,1526,1.347575,1.34785,1.34755,1.347825,"Short",0.000185518431256207
"1000518",20100409,1527,1.347825,1.34925,1.347825,1.34925,"Long",-0.0010561423012785
"1000519",20100409,1528,1.34925,1.349325,1.34895,1.34895,"Short",-0.000222345747637552
"1000520",20100409,1529,1.34895,1.34945,1.34895,1.349325,"Short",0.000277993995329711
"1000521",20100409,1530,1.349325,1.349325,1.34915,1.34915,"Short",-0.000129694476868091
"1000522",20100409,1531,1.34915,1.34925,1.349075,1.349125,"Long",0.0000185305290467257
"1000523",20100409,1532,1.349125,1.349125,1.349025,1.34905,"Short",-0.0000555915871396833
"1000524",20100409,1533,1.34905,1.34905,1.348775,1.348825,"Long",0.000166811854762584
"1000525",20100409,1534,1.348825,1.34905,1.348825,1.34895,"Long",-0.0000926646651100135
"1000526",20100409,1535,1.34895,1.34895,1.34875,1.348875,"Long",0.0000556018904643108
"1000527",20100409,1536,1.348875,1.348925,1.34875,1.34875,"Long",0.0000926784059315313
"1000528",20100409,1537,1.34875,1.34875,1.348475,1.348525,"Short",-0.000166821130676493
"1000529",20100409,1538,1.348525,1.348525,1.34845,1.34845,"Long",0.0000556194148837905
"1000530",20100409,1539,1.34845,1.34845,1.348425,1.34845,"Long",0
"1000531",20100409,1540,1.34845,1.348525,1.34845,1.348525,"Long",-0.0000556163215365286
"1000532",20100409,1541,1.348525,1.34855,1.34845,1.34845,"Short",-0.0000556163215365286
"1000533",20100409,1542,1.34845,1.34865,1.34845,1.34855,"Long",-0.0000741537206629261
"1000534",20100409,1543,1.34855,1.348625,1.34845,1.34845,"Short",-0.0000741537206629261
"1000535",20100409,1544,1.34845,1.34845,1.348275,1.348275,"Long",0.000129795479408901
"1000536",20100409,1545,1.348275,1.34835,1.348275,1.34835,"Long",-0.0000556235398821131
"1000537",20100409,1546,1.34835,1.348625,1.34835,1.34855,"Long",-0.000148307441325852
"1000538",20100409,1547,1.34855,1.348575,1.348525,1.348575,"Short",0.000018538430165855
"1000539",20100409,1548,1.348575,1.34875,1.34855,1.34875,"Short",0.000129766605490843
"1000540",20100409,1549,1.34875,1.348875,1.34875,1.348875,"Short",0.0000926784059315313
"1000541",20100409,1550,1.348875,1.348875,1.348825,1.34885,"Short",-0.0000185339634880487
"1000542",20100409,1551,1.34885,1.349275,1.348825,1.349275,"Short",0.000315083219038364
"1000543",20100409,1552,1.349275,1.34935,1.34925,1.34935,"Short",0.0000555854069778564
"1000544",20100409,1553,1.34935,1.349425,1.349175,1.349225,"Short",-0.0000926371956869254
"1000545",20100409,1554,1.349225,1.349225,1.349025,1.349175,"Short",-0.0000370583112526698
"1000546",20100409,1555,1.349175,1.349175,1.348975,1.349125,"Long",0.0000370610580932868
"1000547",20100409,1556,1.349125,1.349125,1.349,1.349075,"Long",0.0000370624316660552
"1000548",20100409,1557,1.349075,1.349325,1.349075,1.349325,"Long",-0.000185277824097296
"1000549",20100409,1558,1.349325,1.34945,1.349325,1.34945,"Short",0.0000926389120485656
"1000550",20100409,1559,1.34945,1.34945,1.349375,1.34945,"Short",0
"1000551",20100409,1600,1.34945,1.349625,1.349325,1.349475,"Short",0.0000185260661750652
"1000552",20100409,1601,1.349475,1.34955,1.349425,1.349525,"Short",0.0000370514459327557
"1000553",20100409,1602,1.349525,1.349725,1.349475,1.349625,"Short",0.0000741001463477809
"1000554",20100409,1603,1.349625,1.349725,1.34955,1.349625,"Short",0
"1000555",20100409,1604,1.349625,1.34975,1.34955,1.349725,"Short",0.0000740946559229334
"1000556",20100409,1605,1.349725,1.349725,1.34935,1.349375,"Short",-0.00025931208209085
"1000557",20100409,1606,1.349375,1.349525,1.349375,1.34945,"Long",-0.0000555781985253601
"1000558",20100409,1607,1.34945,1.34945,1.34905,1.349125,"Short",-0.000240838860276506
"1000559",20100409,1608,1.349125,1.349125,1.348825,1.348925,"Long",0.0001482662119836
"1000560",20100409,1609,1.348925,1.34905,1.348875,1.349025,"Long",-0.0000741276106817805
"1000561",20100409,1610,1.349025,1.34905,1.348925,1.34905,"Long",-0.0000185315592455163
"1000562",20100409,1611,1.34905,1.34905,1.348825,1.348925,"Long",0.0000926663824898736
"1000563",20100409,1612,1.348925,1.34895,1.348875,1.34895,"Long",-0.0000185329330221015
"1000564",20100409,1613,1.34895,1.34895,1.34885,1.348925,"Long",0.0000185332764980735
"1000565",20100409,1614,1.348925,1.349025,1.348925,1.349025,"Long",-0.0000741276106817805
"1000566",20100409,1615,1.349025,1.349425,1.349025,1.349425,"Short",0.000296510442727287
"1000567",20100409,1616,1.349425,1.34955,1.34935,1.349525,"Short",0.0000741056375863712
"1000568",20100409,1617,1.349525,1.349625,1.349475,1.34955,"Short",0.0000185250365869041
"1000569",20100409,1618,1.34955,1.349625,1.349525,1.34955,"Short",0
"1000570",20100409,1619,1.34955,1.34965,1.34955,1.34965,"Short",0.0000740987736652877
"1000571",20100409,1620,1.34965,1.34965,1.34935,1.34935,"Short",-0.000222279850331543
"1000572",20100409,1621,1.34935,1.34935,1.349325,1.34935,"Long",0
"1000573",20100409,1622,1.34935,1.349375,1.34935,1.349375,"Long",-0.000018527095877678
"1000574",20100409,1623,1.349375,1.349425,1.349375,1.349425,"Long",-0.0000370528187932679
"1000575",20100409,1624,1.349425,1.349425,1.349275,1.34935,"Short",-0.0000555792281898195
"1000576",20100409,1625,1.34935,1.34945,1.34935,1.34935,"Long",0
"1000577",20100409,1626,1.34935,1.349625,1.34935,1.349525,"Long",-0.000129675256108658
"1000578",20100409,1627,1.349525,1.34955,1.349475,1.349525,"Short",0
"1000579",20100409,1628,1.349525,1.34965,1.349525,1.349625,"Short",0.0000741001463477809
"1000580",20100409,1629,1.349625,1.349625,1.34955,1.34955,"Short",-0.0000555709919422412
"1000581",20100409,1630,1.34955,1.34955,1.34955,1.34955,"Long",0
"1000582",20100409,1631,1.34955,1.349625,1.34945,1.349625,"Short",0.0000555740802490069
"1000583",20100409,1632,1.349625,1.349625,1.34945,1.349475,"Short",-0.000111141983884482
"1000584",20100409,1633,1.349475,1.34955,1.34945,1.349525,"Long",-0.0000370500731739727
"1000585",20100409,1634,1.349525,1.349525,1.349525,1.349525,"Short",0
"1000586",20100409,1635,1.349525,1.349575,1.349525,1.34955,"Long",-0.0000185246934162808
"1000587",20100409,1636,1.34955,1.349825,1.34955,1.34975,"Short",0.000148197547330575
"1000588",20100409,1637,1.34975,1.34985,1.34975,1.34975,"Short",0
"1000589",20100409,1638,1.34975,1.34985,1.349725,1.349825,"Short",0.0000555658455269844
"1000590",20100409,1639,1.349825,1.349825,1.349775,1.349825,"Short",0
"1000591",20100409,1640,1.349825,1.349825,1.349725,1.34975,"Short",-0.0000555627581353488
"1000592",20100409,1641,1.34975,1.349825,1.34975,1.34975,"Short",0
"1000593",20100409,1642,1.34975,1.34975,1.34965,1.34965,"Long",0.0000740932834438477
"1000594",20100409,1643,1.34965,1.34985,1.34955,1.34965,"Long",0
"1000595",20100409,1644,1.34965,1.349725,1.34965,1.349675,"Long",-0.0000185229777538605
"1000596",20100409,1645,1.349675,1.349675,1.349625,1.349625,"Long",0.0000370473279613844
"1000597",20100409,1646,1.349625,1.34965,1.3495,1.3496,"Long",0.0000185240071133401
"1000598",20100409,1647,1.3496,1.3499,1.3495,1.34955,"Long",0.0000370493868325616
"1000599",20100409,1648,1.34955,1.34965,1.349475,1.3495,"Long",0.0000370507595406488
"1000600",20100409,1649,1.3495,1.349625,1.349375,1.349625,"Long",-0.0000926183199037901
"1000601",20100409,1650,1.349625,1.349825,1.349625,1.349775,"Short",0.000111141983884318
"1000602",20100409,1651,1.349775,1.349825,1.349725,1.349775,"Short",0
"1000603",20100409,1652,1.349775,1.3498,1.34965,1.34965,"Short",-0.0000926080272637519
"1000604",20100409,1653,1.34965,1.349725,1.34965,1.349725,"Short",0.0000555699625829269
"1000605",20100409,1654,1.349725,1.349825,1.349725,1.349825,"Long",-0.0000740836775137436
"1000606",20100409,1655,1.349825,1.349825,1.349775,1.349825,"Short",0
"1000607",20100409,1656,1.349825,1.349825,1.34975,1.349825,"Short",0
"1000608",20100409,1657,1.349825,1.349825,1.349725,1.349775,"Short",-0.0000370418387569541
"1000609",20100409,1658,1.349775,1.34995,1.34975,1.34985,"Long",-0.000055561729081044
"1000610",20100409,1659,1.34985,1.34995,1.3498,1.3499,"Short",0.0000370411527207508
"1000611",20100411,1715,1.36335,1.364,1.363225,1.3637,"Long",-0.000256654689447716
"1000612",20100411,1716,1.3637,1.36425,1.3637,1.363975,"Short",0.000201657255994739
"1000613",20100411,1717,1.363975,1.364075,1.363325,1.36385,"Short",-0.0000916439084293559
"1000614",20100411,1718,1.36385,1.36385,1.363325,1.363575,"Short",-0.000201635077171262
"1000615",20100411,1719,1.363575,1.363925,1.363575,1.36375,"Long",-0.000128322639780045
"1000616",20100411,1720,1.36375,1.364075,1.36375,1.364075,"Long",-0.000238256694096665
"1000617",20100411,1721,1.364075,1.36475,1.364075,1.3647,"Long",-0.000457976111966071
"1000618",20100411,1722,1.3647,1.364875,1.36455,1.36455,"Short",-0.000109914266871909
"1000619",20100411,1723,1.36455,1.36455,1.364025,1.364025,"Short",-0.000384742222710701
"1000620",20100411,1724,1.364025,1.3641,1.363825,1.363825,"Short",-0.000146624878576256
"1000621",20100411,1725,1.363825,1.36385,1.3637,1.363725,"Long",0.0000733285669764718
"1000622",20100411,1726,1.363725,1.363725,1.363375,1.363475,"Long",0.000183355030345319
"1000623",20100411,1727,1.363475,1.3635,1.36305,1.36305,"Long",0.000311800740985215
"1000624",20100411,1728,1.36305,1.3631,1.36255,1.36255,"Long",0.00036695901067863
"1000625",20100411,1729,1.36255,1.362575,1.36225,1.36225,"Long",0.000220223894292506
"1000626",20100411,1730,1.36225,1.36285,1.36225,1.362525,"Long",-0.00020183115906132
"1000627",20100411,1731,1.362525,1.36295,1.362525,1.36295,"Long",-0.000311823617887758
"1000628",20100411,1732,1.36295,1.36295,1.362675,1.362675,"Short",-0.000201768223339099
"1000629",20100411,1733,1.362675,1.3629,1.362575,1.362875,"Short",0.000146770139615079
"1000630",20100411,1734,1.362875,1.3631,1.362575,1.3628,"Short",-0.0000550307254884324
"1000631",20100411,1735,1.3628,1.3628,1.36245,1.36245,"Long",0.000256890161106883
"1000632",20100411,1736,1.36245,1.3625,1.3623,1.362475,"Long",-0.0000183489605315061
"1000633",20100411,1737,1.362475,1.362475,1.362175,1.3623,"Long",0.000128459223372265
"1000634",20100411,1738,1.3623,1.362625,1.362125,1.3623,"Long",0
"1000635",20100411,1739,1.3623,1.362325,1.362025,1.36205,"Long",0.000183546859513295
"1000636",20100411,1740,1.36205,1.36225,1.36185,1.36225,"Long",-0.000146815929528338
"1000637",20100411,1741,1.36225,1.36225,1.36185,1.36195,"Short",-0.000220223894292506
"1000638",20100411,1742,1.36195,1.361975,1.36175,1.36175,"Long",0.000146869836607291
"1000639",20100411,1743,1.36175,1.3618,1.361525,1.36155,"Long",0.000146891410524753
"1000640",20100411,1744,1.36155,1.36155,1.361225,1.361425,"Long",0.0000918155609012107
"1000641",20100411,1745,1.361425,1.3617,1.361275,1.36135,"Long",0.0000550923715429884
"1000642",20100411,1746,1.36135,1.3621,1.36135,1.3617,"Long",-0.000257031651611846
"1000643",20100411,1747,1.3617,1.36185,1.361625,1.36175,"Short",0.000036718807373214
"1000644",20100411,1748,1.36175,1.362225,1.361725,1.362025,"Short",0.000201946025335065
"1000645",20100411,1749,1.362025,1.362825,1.362025,1.362375,"Short",0.000256970319927938
"1000646",20100411,1750,1.362375,1.3633,1.362275,1.3627,"Short",0.000238553995779525
"1000647",20100411,1751,1.3627,1.363125,1.362625,1.3627,"Short",0
"1000648",20100411,1752,1.3627,1.36275,1.3625,1.3627,"Short",0
"1000649",20100411,1753,1.3627,1.36275,1.362525,1.362625,"Short",-0.0000550377926176321
"1000650",20100411,1754,1.362625,1.3634,1.3626,1.36295,"Long",-0.000238453354855373
"1000651",20100411,1755,1.36295,1.36305,1.362475,1.36305,"Short",0.0000733702630323849
"1000652",20100411,1756,1.36305,1.3633,1.362825,1.363025,"Short",-0.0000183412200580784
"1000653",20100411,1757,1.363025,1.3632,1.36295,1.363125,"Short",0.0000733662258579182
"1000654",20100411,1758,1.363125,1.363125,1.363025,1.3631,"Short",-0.0000183402109123828
"1000655",20100411,1759,1.3631,1.3632,1.363,1.3632,"Long",-0.000073356807511729
"1000656",20100411,1800,1.3632,1.3632,1.362425,1.362425,"Short",-0.000568515258215941
"1000657",20100411,1801,1.362425,1.36255,1.36235,1.36255,"Long",-0.000091739752669576
"1000658",20100411,1802,1.36255,1.362575,1.362275,1.3624,"Long",0.000110099823840188
"1000659",20100411,1803,1.3624,1.362475,1.36225,1.36225,"Long",0.000110111947146335
"1000660",20100411,1804,1.36225,1.362375,1.362175,1.3622,"Long",0.0000367053296137744
"1000661",20100411,1805,1.3622,1.3622,1.36195,1.362,"Long",0.000146842878120395
"1000662",20100411,1806,1.362,1.362125,1.36195,1.362025,"Long",-0.0000183550228519607
"1000663",20100411,1807,1.362025,1.362075,1.361825,1.361825,"Long",0.00014686174802194
"1000664",20100411,1808,1.361825,1.36185,1.36145,1.361575,"Long",0.000183610891798163
"1000665",20100411,1809,1.361575,1.361825,1.361575,1.3617,"Long",-0.0000917970184327904
"1000666",20100411,1810,1.3617,1.3617,1.36135,1.361425,"Long",0.000201994233982631
"1000667",20100411,1811,1.361425,1.36155,1.3614,1.36155,"Long",-0.0000918071315779301
"1000668",20100411,1812,1.36155,1.361825,1.36155,1.36165,"Short",0.0000734457052623767
"1000669",20100411,1813,1.36165,1.36165,1.361525,1.36155,"Long",0.0000734457052623767
"1000670",20100411,1814,1.36155,1.36155,1.36125,1.36125,"Short",-0.00022033711578713
"1000671",20100411,1815,1.36125,1.36135,1.360925,1.360975,"Long",0.000202061022428792
"1000672",20100411,1816,1.360975,1.3615,1.360975,1.3613,"Long",-0.000238742378608616
"1000673",20100411,1817,1.3613,1.361875,1.3613,1.3618,"Long",-0.000367161110295157
"1000674",20100411,1818,1.3618,1.3619,1.361725,1.361875,"Short",0.0000550741665443143
"1000675",20100411,1819,1.361875,1.3623,1.361875,1.3623,"Short",0.000312069756769248
"1000676",20100411,1820,1.3623,1.3624,1.36225,1.36235,"Short",0.0000367026352491254
"1000677",20100411,1821,1.36235,1.362675,1.36235,1.362675,"Short",0.000238558373399002
"1000678",20100411,1822,1.362675,1.363025,1.362675,1.36285,"Short",0.000128423872163072
"1000679",20100411,1823,1.36285,1.362925,1.362425,1.362525,"Short",-0.000238470851524312
"1000680",20100411,1824,1.362525,1.36265,1.362425,1.362525,"Short",0
"1000681",20100411,1825,1.362525,1.362525,1.362225,1.362375,"Short",-0.000110089723124416
"1000682",20100411,1826,1.362375,1.362375,1.3622,1.3622,"Long",0.000128468653648373
"1000683",20100411,1827,1.3622,1.362225,1.361925,1.3621,"Long",0.0000734160487482483
"1000684",20100411,1828,1.3621,1.3621,1.3619,1.36195,"Long",0.000110136201769591
"1000685",20100411,1829,1.36195,1.36205,1.361925,1.361925,"Long",0.0000183563705783665
"1000686",20100411,1830,1.361925,1.36205,1.3618,1.361975,"Long",-0.0000367113933808502
"1000687",20100411,1831,1.361975,1.361975,1.36175,1.361825,"Long",0.000110146311016373
"1000688",20100411,1832,1.361825,1.361925,1.36175,1.3618,"Long",0.0000183580555148801
"1000689",20100411,1833,1.3618,1.36185,1.361725,1.36185,"Long",-0.0000367147630062823
"1000690",20100411,1834,1.36185,1.36185,1.361825,1.36185,"Long",0
"1000691",20100411,1835,1.36185,1.36185,1.36165,1.36175,"Short",-0.0000734295260124015
"1000692",20100411,1836,1.36175,1.361825,1.36165,1.36165,"Long",0.0000734403113869122
"1000693",20100411,1837,1.36165,1.361925,1.36165,1.361925,"Long",-0.00020192007636252
"1000694",20100411,1838,1.361925,1.36195,1.3618,1.36185,"Short",-0.0000550691117352624
"1000695",20100411,1839,1.36185,1.3619,1.3617,1.361775,"Long",0.0000550751776174825
"1000696",20100411,1840,1.361775,1.361925,1.361575,1.361875,"Short",0.000073433570156589
"1000697",20100411,1841,1.361875,1.362075,1.3618,1.362,"Long",-0.0000917767988253691
"1000698",20100411,1842,1.362,1.362025,1.361925,1.361975,"Short",-0.0000183553597651716
"1000699",20100411,1843,1.361975,1.36205,1.361925,1.36205,"Short",0.0000550670900714384
"1000700",20100411,1844,1.36205,1.362075,1.361775,1.361775,"Short",-0.000201901545464576
"1000701",20100411,1845,1.361775,1.361925,1.361725,1.36185,"Long",-0.0000550721445093419
"1000702",20100411,1846,1.36185,1.361875,1.361575,1.361675,"Short",-0.000128501670521743
"1000703",20100411,1847,1.361675,1.361725,1.361675,1.361675,"Long",0
"1000704",20100411,1848,1.361675,1.36195,1.36165,1.3618,"Long",-0.0000917902775737485
"1000705",20100411,1849,1.3618,1.361825,1.36135,1.36135,"Short",-0.00033044499926556
"1000706",20100411,1850,1.36135,1.361575,1.3613,1.36155,"Long",-0.000146891410524753
"1000707",20100411,1851,1.36155,1.361675,1.361525,1.361625,"Short",0.0000550842789468233
"1000708",20100411,1852,1.361625,1.3618,1.361575,1.3618,"Long",-0.000128506388603183
"1000709",20100411,1853,1.3618,1.3618,1.361475,1.36175,"Short",-0.0000367161110294342
"1000710",20100411,1854,1.36175,1.362075,1.361725,1.362075,"Short",0.000238663484486806
"1000711",20100411,1855,1.362075,1.36235,1.362,1.36235,"Short",0.000201897839693134
"1000712",20100411,1856,1.36235,1.36245,1.36205,1.36245,"Short",0.0000734025764304246
"1000713",20100411,1857,1.36245,1.362725,1.362325,1.362725,"Short",0.000201842269441099
"1000714",20100411,1858,1.362725,1.362925,1.362475,1.36255,"Short",-0.000128419160138719
"1000715",20100411,1859,1.36255,1.363225,1.36255,1.363225,"Long",-0.000495149370059954
"1000716",20100411,1900,1.363225,1.363625,1.36315,1.36355,"Short",0.000238405252251192
"1000717",20100411,1901,1.36355,1.364125,1.363425,1.36385,"Short",0.000220013934215809
"1000718",20100411,1902,1.36385,1.3642,1.363825,1.3642,"Short",0.000256626461854363
"1000719",20100411,1903,1.3642,1.36505,1.36415,1.36505,"Short",0.00062307579533794
"1000720",20100411,1904,1.36505,1.36545,1.36495,1.36545,"Short",0.000293029559356768
"1000721",20100411,1905,1.36545,1.365625,1.36525,1.36555,"Short",0.0000732359295470277
"1000722",20100411,1906,1.36555,1.365625,1.364975,1.365075,"Short",-0.000347845190582551
"1000723",20100411,1907,1.365075,1.36525,1.364925,1.36525,"Long",-0.000128181651712167
"1000724",20100411,1908,1.36525,1.365525,1.36525,1.36545,"Long",-0.000146471859094055
"1000725",20100411,1909,1.36545,1.365925,1.365375,1.365775,"Long",-0.000237960132525422
"1000726",20100411,1910,1.365775,1.36605,1.365575,1.36605,"Short",0.00020135088136774
"1000727",20100411,1911,1.36605,1.36625,1.365825,1.366075,"Short",0.0000183009406683077
"1000728",20100411,1912,1.366075,1.366575,1.36605,1.36645,"Short",0.000274509086250765
"1000729",20100411,1913,1.36645,1.367075,1.36645,1.366975,"Short",0.000384207252369358
"1000730",20100411,1914,1.366975,1.36705,1.36685,1.36705,"Short",0.0000548656705499715
"1000731",20100411,1915,1.36705,1.36715,1.36675,1.36715,"Short",0.0000731502139643678
"1000732",20100411,1916,1.36715,1.36715,1.36655,1.36655,"Short",-0.00043886918041192
"1000733",20100411,1917,1.36655,1.36685,1.36655,1.36685,"Long",-0.00021948275231369
"1000734",20100411,1918,1.36685,1.36735,1.36685,1.3673,"Short",0.000329224128470616
"1000735",20100411,1919,1.3673,1.367325,1.36655,1.366575,"Short",-0.000530242082937076
"1000736",20100411,1920,1.366575,1.3667,1.366325,1.366475,"Long",0.0000731809948956175
"1000737",20100411,1921,1.366475,1.366525,1.36635,1.36635,"Short",-0.0000914762436196438
"1000738",20100411,1922,1.36635,1.36655,1.36635,1.36655,"Long",-0.000146353957045097
"1000739",20100411,1923,1.36655,1.36655,1.366025,1.36605,"Short",-0.000365884892612744
"1000740",20100411,1924,1.36605,1.36615,1.3658,1.36585,"Long",0.000146428963648994
"1000741",20100411,1925,1.36585,1.366375,1.36585,1.366275,"Long",-0.000311064756363029
"1000742",20100411,1926,1.366275,1.36655,1.366275,1.3665,"Long",-0.000164654226125241
"1000743",20100411,1927,1.3665,1.366525,1.366325,1.36645,"Short",-0.0000365898280278855
"1000744",20100411,1928,1.36645,1.3665,1.36635,1.366425,"Short",-0.0000182955834461135
"1000745",20100411,1929,1.366425,1.366675,1.366425,1.366675,"Short",0.0001829591818066
"1000746",20100411,1930,1.366675,1.36675,1.36655,1.36665,"Short",-0.0000182925713868797
"1000747",20100411,1931,1.36665,1.3673,1.36665,1.36725,"Long",-0.000438837081733521
"1000748",20100411,1932,1.36725,1.367675,1.367075,1.3673,"Short",0.000036569756811032
"1000749",20100411,1933,1.3673,1.36745,1.36695,1.36705,"Short",-0.000182842097564442
"1000750",20100411,1934,1.36705,1.367225,1.36705,1.3671,"Short",0.0000365751069821027
"1000751",20100411,1935,1.3671,1.367175,1.36685,1.36685,"Short",-0.000182868846463378
"1000752",20100411,1936,1.36685,1.366875,1.366725,1.366875,"Long",-0.0000182898948332245
"1000753",20100411,1937,1.366875,1.36715,1.366875,1.367125,"Long",-0.000182865502422867
"1000754",20100411,1938,1.367125,1.367125,1.366925,1.36695,"Short",-0.000128005851695942
"1000755",20100411,1939,1.36695,1.36695,1.366625,1.366825,"Short",-0.0000914444566371504
"1000756",20100411,1940,1.366825,1.367125,1.3668,1.36705,"Long",-0.000164587981419949
"1000757",20100411,1941,1.36705,1.36705,1.366625,1.3667,"Short",-0.000256025748875368
"1000758",20100411,1942,1.3667,1.3667,1.366575,1.3666,"Long",0.0000731743011854156
"1000759",20100411,1943,1.3666,1.3666,1.366375,1.366575,"Long",0.0000182939099573326
"1000760",20100411,1944,1.366575,1.3667,1.366375,1.366675,"Long",-0.0000731702855470313
"1000761",20100411,1945,1.366675,1.36685,1.36665,1.3668,"Long",-0.0000914544922446084
"1000762",20100411,1946,1.3668,1.366925,1.366525,1.36665,"Short",-0.00010974539069366
"1000763",20100411,1947,1.36665,1.3669,1.36665,1.36675,"Long",-0.0000731662703493609
"1000764",20100411,1948,1.36675,1.36705,1.36665,1.36705,"Short",0.000219498811048245
"1000765",20100411,1949,1.36705,1.36725,1.367025,1.367025,"Short",-0.0000182875534912138
"1000766",20100411,1950,1.367025,1.36705,1.3669,1.366925,"Short",-0.000073151551727283
"1000767",20100411,1951,1.366925,1.366925,1.36635,1.366425,"Short",-0.000365784516341383
"1000768",20100411,1952,1.366425,1.366425,1.366125,1.36615,"Long",0.000201295611755682
"1000769",20100411,1953,1.36615,1.366175,1.36595,1.36615,"Long",0
"1000770",20100411,1954,1.36615,1.36615,1.3659,1.365975,"Long",0.000128113618477671
"1000771",20100411,1955,1.365975,1.365975,1.36575,1.36575,"Long",0.000164744645798953
"1000772",20100411,1956,1.36575,1.365875,1.365725,1.36575,"Long",0
"1000773",20100411,1957,1.36575,1.365975,1.365725,1.365925,"Long",-0.000128118308106255
"1000774",20100411,1958,1.365925,1.365925,1.36575,1.36585,"Long",0.0000549108613684133
"1000775",20100411,1959,1.36585,1.36605,1.365775,1.365825,"Short",-0.0000183036204560836
"1000776",20100411,2000,1.365825,1.36585,1.365575,1.365625,"Short",-0.000146431643878226
"1000777",20100411,2001,1.365625,1.365625,1.365025,1.3651,"Long",0.000384587209728305
"1000778",20100411,2002,1.3651,1.3652,1.364975,1.365025,"Long",0.0000549440486438324
"1000779",20100411,2003,1.365025,1.36505,1.36485,1.36485,"Long",0.000128219218229136
"1000780",20100411,2004,1.36485,1.36485,1.364375,1.3645,"Long",0.000256504213997692
"1000781",20100411,2005,1.3645,1.36465,1.36445,1.364525,"Long",-0.0000183213938916046
"1000782",20100411,2006,1.364525,1.36455,1.364375,1.364425,"Long",0.0000732909467357964
"1000783",20100411,2007,1.364425,1.364425,1.36415,1.36415,"Long",0.000201590734156819
"1000784",20100411,2008,1.36415,1.36445,1.36415,1.3644,"Long",-0.000183230724127883
"1000785",20100411,2009,1.3644,1.36455,1.364025,1.364025,"Short",-0.000274846086191743
"1000786",20100411,2010,1.364025,1.364375,1.364025,1.3643,"Long",-0.000201568569962637
"1000787",20100411,2011,1.3643,1.3644,1.3643,1.36435,"Short",0.0000366488309022088
"1000788",20100411,2012,1.36435,1.36445,1.3639,1.36395,"Long",0.0002932658821804
"1000789",20100411,2013,1.36395,1.364025,1.36395,1.36395,"Long",0
"1000790",20100411,2014,1.36395,1.364,1.3639,1.36395,"Long",0
"1000791",20100411,2015,1.36395,1.36395,1.36385,1.36385,"Long",0.0000733218462440804
"1000792",20100411,2016,1.36385,1.36385,1.36335,1.363375,"Short",-0.000348278769659422
"1000793",20100411,2017,1.363375,1.3635,1.36315,1.36315,"Long",0.000165058870997263
"1000794",20100411,2018,1.36315,1.36325,1.363025,1.36305,"Long",0.0000733648802318249
"1000795",20100411,2019,1.36305,1.36305,1.362825,1.36295,"Long",0.0000733702630323849
"1000796",20100411,2020,1.36295,1.36335,1.36295,1.36335,"Long",-0.000293394946272018
"1000797",20100411,2021,1.36335,1.3635,1.36325,1.3633,"Short",-0.0000366743682840837
"1000798",20100411,2022,1.3633,1.363375,1.36305,1.363225,"Short",-0.0000550135700139714
"1000799",20100411,2023,1.363225,1.363725,1.36315,1.363725,"Short",0.000366777311155654
"1000800",20100411,2024,1.363725,1.363775,1.36345,1.36345,"Short",-0.000201653559185338
"1000801",20100411,2025,1.36345,1.3638,1.36345,1.363775,"Long",-0.0002383091052409
"1000802",20100411,2026,1.363775,1.364025,1.363775,1.364,"Short",0.000164983226705389
"1000803",20100411,2027,1.364,1.364,1.36375,1.36375,"Short",-0.000183284457478067
"1000804",20100411,2028,1.36375,1.3638,1.36355,1.36355,"Short",-0.000146654445462862
"1000805",20100411,2029,1.36355,1.36355,1.363325,1.36355,"Long",0
"1000806",20100411,2030,1.36355,1.36365,1.363375,1.36365,"Long",-0.0000733326000073252
"1000807",20100411,2031,1.36365,1.363725,1.363625,1.3637,"Long",-0.0000366649556353182
"1000808",20100411,2032,1.3637,1.3637,1.363575,1.3636,"Short",-0.0000733299112707993
"1000809",20100411,2033,1.3636,1.3637,1.363575,1.363675,"Short",0.0000550014667058135
"1000810",20100411,2034,1.363675,1.36375,1.36365,1.363675,"Short",0
"1000811",20100411,2035,1.363675,1.36375,1.363625,1.36375,"Long",-0.0000549954170486139
"1000812",20100411,2036,1.36375,1.36375,1.363625,1.36375,"Short",0
"1000813",20100411,2037,1.36375,1.363775,1.363625,1.363625,"Short",-0.000091659028414248
"1000814",20100411,2038,1.363625,1.36365,1.36355,1.363625,"Long",0
"1000815",20100411,2039,1.363625,1.36375,1.363575,1.363575,"Long",0.0000366683167409974
"1000816",20100411,2040,1.363575,1.36375,1.363575,1.36375,"Long",-0.000128322639780045
"1000817",20100411,2041,1.36375,1.363775,1.36355,1.363775,"Short",0.000018331805682817
"1000818",20100411,2042,1.363775,1.36385,1.36365,1.36375,"Short",-0.0000183314696338778
"1000819",20100411,2043,1.36375,1.3638,1.363675,1.363725,"Short",-0.000018331805682817
"1000820",20100411,2044,1.363725,1.36375,1.363525,1.36365,"Short",-0.0000549964252323945
"1000821",20100411,2045,1.36365,1.363775,1.36365,1.36375,"Long",-0.000073327222731431
"1000822",20100411,2046,1.36375,1.36375,1.36365,1.36365,"Short",-0.000073327222731431
"1000823",20100411,2047,1.36365,1.36365,1.363525,1.36355,"Long",0.0000733379780719365
"1000824",20100411,2048,1.36355,1.36355,1.363375,1.36345,"Long",0.0000733433569254384
"1000825",20100411,2049,1.36345,1.363625,1.36345,1.3636,"Long",-0.000110002933411464
"1000826",20100411,2050,1.3636,1.36365,1.3635,1.363575,"Short",-0.0000183338222352169
"1000827",20100411,2051,1.363575,1.363625,1.363575,1.3636,"Long",-0.0000183338222352169
"1000828",20100411,2052,1.3636,1.36365,1.363325,1.363575,"Short",-0.0000183338222352169
"1000829",20100411,2053,1.363575,1.363725,1.36345,1.36365,"Long",-0.0000549994500055346
"1000830",20100411,2054,1.36365,1.36375,1.36355,1.36355,"Short",-0.0000733326000073252
"1000831",20100411,2055,1.36355,1.363625,1.36345,1.363625,"Long",-0.0000550004583371875
"1000832",20100411,2056,1.363625,1.3637,1.363575,1.36365,"Short",0.0000183334861123415
"1000833",20100411,2057,1.36365,1.36365,1.36335,1.36335,"Short",-0.000219997800021976
"1000834",20100411,2058,1.36335,1.36345,1.363325,1.363425,"Long",-0.0000550085263216145
"1000835",20100411,2059,1.363425,1.363575,1.36335,1.363575,"Long",-0.000110004950222666
"1000836",20100411,2100,1.363575,1.363575,1.363175,1.363175,"Long",0.000293432611366813
"1000837",20100411,2101,1.363175,1.363375,1.36315,1.363375,"Long",-0.000146694783166757
"1000838",20100411,2102,1.363375,1.363375,1.36325,1.363325,"Short",-0.0000366736957917708
"1000839",20100411,2103,1.363325,1.363375,1.363275,1.36335,"Long",-0.0000183371841421233
"1000840",20100411,2104,1.36335,1.363425,1.363225,1.363225,"Short",-0.0000916859207101278
"1000841",20100411,2105,1.363225,1.363275,1.363025,1.36305,"Long",0.000128388540405571
"1000842",20100411,2106,1.36305,1.363075,1.362325,1.3624,"Long",0.00047709923664125
"1000843",20100411,2107,1.3624,1.3626,1.362375,1.362425,"Long",-0.0000183496339247604
"1000844",20100411,2108,1.362425,1.362775,1.362425,1.362625,"Long",-0.00014677552518116
"1000845",20100411,2109,1.362625,1.363175,1.362625,1.363175,"Long",-0.00040346984062945
"1000846",20100411,2110,1.363175,1.36335,1.36315,1.363325,"Short",0.000110037229262474
"1000847",20100411,2111,1.363325,1.363525,1.363325,1.36335,"Short",0.0000183375204006116
"1000848",20100411,2112,1.36335,1.3637,1.36335,1.363675,"Short",0.000238383393845974
"1000849",20100411,2113,1.363675,1.363675,1.36335,1.363425,"Short",-0.000183328139035959
"1000850",20100411,2114,1.363425,1.363625,1.363375,1.3634,"Long",0.0000183365116621415
"1000851",20100411,2115,1.3634,1.3635,1.3633,1.36345,"Short",0.0000366730233241202
"1000852",20100411,2116,1.36345,1.363525,1.36345,1.36345,"Long",0
"1000853",20100411,2117,1.36345,1.36345,1.363225,1.36335,"Short",-0.0000733433569254384
"1000854",20100411,2118,1.36335,1.36335,1.3629,1.36295,"Short",-0.000293394946272018
"1000855",20100411,2119,1.36295,1.36305,1.3628,1.36305,"Long",-0.0000733648802318249
"1000856",20100411,2120,1.36305,1.3631,1.362975,1.36305,"Long",0
"1000857",20100411,2121,1.36305,1.36305,1.3629,1.3629,"Long",0.0001100594320934
"1000858",20100411,2122,1.3629,1.36305,1.36255,1.36265,"Short",-0.000183432386822279
"1000859",20100411,2123,1.36265,1.36285,1.36265,1.36265,"Long",0
"1000860",20100411,2124,1.36265,1.3627,1.36255,1.362625,"Long",0.0000183469406476042
"1000861",20100411,2125,1.362625,1.3628,1.36255,1.3628,"Long",-0.000128412092750247
"1000862",20100411,2126,1.3628,1.36295,1.362775,1.362825,"Short",0.0000183445846785601
"1000863",20100411,2127,1.362825,1.36305,1.362775,1.36305,"Short",0.000165098233449006
"1000864",20100411,2128,1.36305,1.3631,1.362925,1.36305,"Short",0
"1000865",20100411,2129,1.36305,1.36315,1.36305,1.36305,"Short",0
"1000866",20100411,2130,1.36305,1.36305,1.362875,1.363,"Short",-0.0000366824401159939
"1000867",20100411,2131,1.363,1.363675,1.36295,1.363575,"Long",-0.000421685642520574
"1000868",20100411,2132,1.363575,1.363575,1.363325,1.3634,"Short",-0.000128339108593247
"1000869",20100411,2133,1.3634,1.363575,1.36335,1.3635,"Short",0.0000733460466480776
"1000870",20100411,2134,1.3635,1.3635,1.36335,1.3635,"Short",0
"1000871",20100411,2135,1.3635,1.363875,1.36345,1.36365,"Long",-0.000109998900011069
"1000872",20100411,2136,1.36365,1.36385,1.36365,1.36385,"Short",0.00014666520001465
"1000873",20100411,2137,1.36385,1.36385,1.36365,1.36365,"Short",-0.000146643692488161
"1000874",20100411,2138,1.36365,1.363825,1.363625,1.363675,"Short",0.0000183331500017906
"1000875",20100411,2139,1.363675,1.363675,1.363425,1.36345,"Short",-0.000164995325132396
"1000876",20100411,2140,1.36345,1.36355,1.36345,1.36355,"Long",-0.0000733379780719365
"1000877",20100411,2141,1.36355,1.36355,1.363225,1.36335,"Short",-0.000146675956143873
"1000878",20100411,2142,1.36335,1.36335,1.3632,1.3632,"Long",0.000110035211267675
"1000879",20100411,2143,1.3632,1.3633,1.36295,1.36295,"Long",0.000183425657580881
"1000880",20100411,2144,1.36295,1.36315,1.362825,1.36295,"Long",0
"1000881",20100411,2145,1.36295,1.363075,1.36295,1.363025,"Long",-0.0000550246693933165
"1000882",20100411,2146,1.363025,1.36305,1.363,1.36305,"Long",-0.0000183412200580784
"1000883",20100411,2147,1.36305,1.3631,1.36305,1.3631,"Short",0.000036682440115831
"1000884",20100411,2148,1.3631,1.3631,1.36305,1.36305,"Short",-0.0000366810945637763
"1000885",20100411,2149,1.36305,1.36305,1.36305,1.36305,"Short",0
"1000886",20100411,2150,1.36305,1.36305,1.3629,1.362925,"Short",-0.0000917061002899033
"1000887",20100411,2151,1.362925,1.36295,1.36285,1.36295,"Long",-0.0000183425657582184
"1000888",20100411,2152,1.36295,1.36315,1.36295,1.36315,"Long",-0.000146718996442048
"1000889",20100411,2153,1.36315,1.36315,1.36315,1.36315,"Short",0
"1000890",20100411,2154,1.36315,1.36315,1.36305,1.36315,"Short",0
"1000891",20100411,2155,1.36315,1.36315,1.36305,1.363125,"Short",-0.0000183398745553782
"1000892",20100411,2156,1.363125,1.363175,1.3631,1.363175,"Long",-0.0000366790764209331
"1000893",20100411,2157,1.363175,1.363625,1.363175,1.3635,"Long",-0.000238357169050171
"1000894",20100411,2158,1.3635,1.363625,1.36345,1.36355,"Short",0.0000366703337001141
"1000895",20100411,2159,1.36355,1.3636,1.36345,1.363525,"Short",-0.0000183344945179434
"1000896",20100411,2200,1.363525,1.36375,1.3635,1.3636,"Short",0.0000550044920333879
"1000897",20100411,2201,1.3636,1.3636,1.363425,1.363425,"Short",-0.000128336755646681
"1000898",20100411,2202,1.363425,1.363575,1.3634,1.36345,"Long",-0.0000183358392313189
"1000899",20100411,2203,1.36345,1.36385,1.36345,1.36385,"Long",-0.000293287384976321
"1000900",20100411,2204,1.36385,1.364275,1.36375,1.364275,"Short",0.000311617846537301
"1000901",20100411,2205,1.364275,1.3647,1.364275,1.3647,"Short",0.00031152077110562
"1000902",20100411,2206,1.3647,1.3647,1.3644,1.3644,"Short",-0.000219828533743656
"1000903",20100411,2207,1.3644,1.3644,1.36415,1.36435,"Short",-0.0000366461448256417
"1000904",20100411,2208,1.36435,1.364575,1.36435,1.36445,"Short",0.0000732949756294125
"1000905",20100411,2209,1.36445,1.364525,1.364325,1.36445,"Long",0
"1000906",20100411,2210,1.36445,1.36445,1.36425,1.36425,"Short",-0.000146579207739366
"1000907",20100411,2211,1.36425,1.36425,1.364175,1.364175,"Long",0.0000549782835780213
"1000908",20100411,2212,1.364175,1.36425,1.364075,1.3641,"Long",0.0000549813063557109
"1000909",20100411,2213,1.3641,1.3641,1.36385,1.36395,"Long",0.000109974705817731
"1000910",20100411,2214,1.36395,1.36415,1.36395,1.364,"Long",-0.0000366568914956785
"1000911",20100411,2215,1.364,1.36405,1.3639,1.363925,"Long",0.0000549883607969993
"1000912",20100411,2216,1.363925,1.364075,1.363925,1.36405,"Long",-0.0000916388695428545
"1000913",20100411,2217,1.36405,1.36425,1.36405,1.36425,"Short",0.000146622191268632
"1000914",20100411,2218,1.36425,1.36425,1.36415,1.3642,"Short",-0.0000366501740882415
"1000915",20100411,2219,1.3642,1.3642,1.36415,1.3642,"Short",0
"1000916",20100411,2220,1.3642,1.364275,1.3642,1.36425,"Short",0.0000366515173727338
"1000917",20100411,2221,1.36425,1.36425,1.364125,1.364125,"Short",-0.0000916254352207665
"1000918",20100411,2222,1.364125,1.364175,1.36405,1.36405,"Long",0.0000549833217257778
"1000919",20100411,2223,1.36405,1.36405,1.36395,1.364025,"Long",0.0000183281098219913
"1000920",20100411,2224,1.364025,1.36415,1.363975,1.364125,"Long",-0.0000733070649683782
"1000921",20100411,2225,1.364125,1.364175,1.36405,1.364175,"Long",-0.0000366521890519057
"1000922",20100411,2226,1.364175,1.364225,1.36415,1.3642,"Short",0.0000183260945261156
"1000923",20100411,2227,1.3642,1.364225,1.364025,1.36415,"Short",-0.0000366515173728966
"1000924",20100411,2228,1.36415,1.36415,1.36415,1.36415,"Short",0
"1000925",20100411,2229,1.36415,1.364175,1.36415,1.364175,"Long",-0.0000183260945259529
"1000926",20100411,2230,1.364175,1.3642,1.364175,1.364175,"Long",0
"1000927",20100411,2231,1.364175,1.3642,1.36415,1.36415,"Short",-0.0000183260945259529
"1000928",20100411,2232,1.36415,1.36425,1.36415,1.3642,"Long",-0.0000366515173728966
"1000929",20100411,2233,1.3642,1.364275,1.364075,1.364075,"Short",-0.0000916287934321601
"1000930",20100411,2234,1.364075,1.364225,1.36405,1.36415,"Long",-0.0000549792911337076
"1000931",20100411,2235,1.36415,1.364175,1.36415,1.36415,"Short",0
"1000932",20100411,2236,1.36415,1.364175,1.36415,1.364175,"Long",-0.0000183260945259529
"1000933",20100411,2237,1.364175,1.36465,1.364125,1.364625,"Short",0.000329869701467965
"1000934",20100411,2238,1.364625,1.364875,1.364475,1.364875,"Short",0.000183200512961497
"1000935",20100411,2239,1.364875,1.364875,1.3647,1.364775,"Short",-0.0000732667826723978
"1000936",20100411,2240,1.364775,1.364825,1.36465,1.3648,"Short",0.0000183180377717512
"1000937",20100411,2241,1.3648,1.364825,1.364725,1.364825,"Short",0.0000183177022273899
"1000938",20100411,2242,1.364825,1.364875,1.36475,1.364875,"Long",-0.0000366333913362803
"1000939",20100411,2243,1.364875,1.365375,1.36485,1.36525,"Short",0.000274750435021533
"1000940",20100411,2244,1.36525,1.36525,1.364975,1.364975,"Short",-0.000201428309833382
"1000941",20100411,2245,1.364975,1.3651,1.36485,1.36495,"Long",0.0000183156892193426
"1000942",20100411,2246,1.36495,1.36525,1.36495,1.36515,"Short",0.000146525513755066
"1000943",20100411,2247,1.36515,1.3652,1.36515,1.36515,"Long",0
"1000944",20100411,2248,1.36515,1.36535,1.365075,1.36535,"Short",0.000146504047174287
"1000945",20100411,2249,1.36535,1.36545,1.36525,1.365275,"Short",-0.0000549309700809662
"1000946",20100411,2250,1.365275,1.36535,1.365175,1.365175,"Short",-0.0000732453168775441
"1000947",20100411,2251,1.365175,1.365175,1.365075,1.36515,"Short",-0.0000183126705367017
"1000948",20100411,2252,1.36515,1.36525,1.365075,1.3651,"Long",0.0000366273533075273
"1000949",20100411,2253,1.3651,1.36515,1.36495,1.36505,"Long",0.0000366286949195146
"1000950",20100411,2254,1.36505,1.36505,1.3648,1.364925,"Long",0.0000915801234501183
"1000951",20100411,2255,1.364925,1.36495,1.364775,1.36485,"Long",0.0000549510935267958
"1000952",20100411,2256,1.36485,1.36495,1.36465,1.36465,"Long",0.000146557725424085
"1000953",20100411,2257,1.36465,1.3649,1.364625,1.36475,"Long",-0.0000732734933137857
"1000954",20100411,2258,1.36475,1.36475,1.364625,1.364675,"Long",0.000054958140216407
"1000955",20100411,2259,1.364675,1.364825,1.364675,1.364675,"Long",0
"1000956",20100411,2300,1.364675,1.36475,1.364575,1.36475,"Short",0.000054958140216407
"1000957",20100411,2301,1.36475,1.364825,1.36455,1.364575,"Short",-0.000128228613299003
"1000958",20100411,2302,1.364575,1.364625,1.36445,1.364625,"Long",-0.0000366401025922019
"1000959",20100411,2303,1.364625,1.364625,1.364525,1.364575,"Short",-0.0000366401025922019
"1000960",20100411,2304,1.364575,1.364625,1.3645,1.364625,"Long",-0.0000366401025922019
"1000961",20100411,2305,1.364625,1.364625,1.364525,1.36455,"Short",-0.0000549601538884655
"1000962",20100411,2306,1.36455,1.364625,1.36445,1.364475,"Long",0.0000549661957894613
"1000963",20100411,2307,1.364475,1.36465,1.36445,1.36455,"Long",-0.000054963174672841
"1000964",20100411,2308,1.36455,1.364625,1.3645,1.364575,"Long",-0.0000183207225694182
"1000965",20100411,2309,1.364575,1.364575,1.364525,1.364525,"Long",0.0000366427877833719
"1000966",20100411,2310,1.364525,1.364575,1.36445,1.36445,"Short",-0.0000549641816749765
"1000967",20100411,2311,1.36445,1.36445,1.364425,1.36445,"Long",0
"1000968",20100411,2312,1.36445,1.364475,1.36445,1.36445,"Long",0
"1000969",20100411,2313,1.36445,1.36455,1.364425,1.36445,"Long",0
"1000970",20100411,2314,1.36445,1.364475,1.36425,1.36435,"Short",-0.000073289603869683
"1000971",20100411,2315,1.36435,1.36435,1.36435,1.36435,"Long",0
"1000972",20100411,2316,1.36435,1.364375,1.36415,1.36415,"Long",0.000146611443023112
"1000973",20100411,2317,1.36415,1.364225,1.364125,1.36415,"Long",0
"1000974",20100411,2318,1.36415,1.36425,1.363975,1.3641,"Long",0.0000366542042371406
"1000975",20100411,2319,1.3641,1.364125,1.363975,1.36405,"Long",0.0000366555478172395
"1000976",20100411,2320,1.36405,1.364225,1.36405,1.364175,"Long",-0.000091630472629927
"1000977",20100411,2321,1.364175,1.364225,1.364125,1.364175,"Short",0
"1000978",20100411,2322,1.364175,1.364625,1.364175,1.36455,"Long",-0.000274815873364856
"1000979",20100411,2323,1.36455,1.36465,1.364525,1.3646,"Short",0.0000366421164487234
"1000980",20100411,2324,1.3646,1.364725,1.36455,1.36455,"Short",-0.0000366407738532211
"1000981",20100411,2325,1.36455,1.364725,1.3645,1.3645,"Short",-0.0000366421164485607
"1000982",20100411,2326,1.3645,1.36465,1.36445,1.36455,"Long",-0.0000366421164485607
"1000983",20100411,2327,1.36455,1.36475,1.36455,1.364675,"Long",-0.0000915969003610037
"1000984",20100411,2328,1.364675,1.364675,1.364525,1.364525,"Short",-0.000109916280433139
"1000985",20100411,2329,1.364525,1.36465,1.3645,1.36455,"Long",-0.0000183210582242803
"1000986",20100411,2330,1.36455,1.3647,1.36445,1.364675,"Short",0.0000916052911217271
"1000987",20100411,2331,1.364675,1.36475,1.36465,1.364675,"Long",0
"1000988",20100411,2332,1.364675,1.365325,1.364675,1.365225,"Long",-0.000402863996776962
"1000989",20100411,2333,1.365225,1.36525,1.36515,1.36525,"Short",0.000018311999853624
"1000990",20100411,2334,1.36525,1.365325,1.36515,1.3652,"Short",-0.0000366233290606889
"1000991",20100411,2335,1.3652,1.36555,1.3652,1.365475,"Short",0.000201435687078835
"1000992",20100411,2336,1.365475,1.3655,1.365325,1.365375,"Short",-0.0000732345886962332
"1000993",20100411,2337,1.365375,1.365525,1.365325,1.365425,"Long",-0.0000366186352235425
"1000994",20100411,2338,1.365425,1.365425,1.365375,1.365375,"Short",-0.0000366186352235425
"1000995",20100411,2339,1.365375,1.365575,1.365375,1.365475,"Long",-0.0000732345886962332
"1000996",20100411,2340,1.365475,1.36555,1.36545,1.3655,"Short",0.0000183086471740176
"1000997",20100411,2341,1.3655,1.3655,1.36535,1.36535,"Short",-0.000109849871841723
"1000998",20100411,2342,1.36535,1.3654,1.36525,1.365325,"Long",0.000018310658634511
"1000999",20100411,2343,1.365325,1.36535,1.365325,1.36535,"Long",-0.0000183103233604305
