"","Actual","Pred","Residual","Obs","CDir"
"1",0,0,0,1,TRUE
"2",-0.0000559649286447512,-0.00000000410524366645161,-0.0000559608234010848,2,TRUE
"3",-0.0000186560202977066,-0.000000103962916536538,-0.0000185520573811701,3,TRUE
"4",0.000167907315161971,0.000000416173141629117,0.000167491142020342,4,TRUE
"5",0.0000746129453460093,0.000000673040656692204,0.0000739399046893171,5,TRUE
"6",0.000093259223337302,-0.000000677334294019909,0.0000939365576313219,6,FALSE
"7",0.0000373002107461038,-0.00000095361675939236,0.0000382538275054961,7,FALSE
"8",0.0000186494097461381,-0.00000235728194277184,0.0000210066916889099,8,FALSE
"9",-0.000167841557569594,-0.00000125237017618862,-0.000166589187393406,9,TRUE
"10",0.0000932609628261285,-0.00000136265645311525,0.0000946236192792438,10,FALSE
"11",0.000167854078854222,0.00000112849215084425,0.000166725586703378,11,TRUE
"12",-0.000223767878121071,0.0000000740426410197838,-0.000223841920762091,12,FALSE
"13",0.00005595449034772,-0.000000740152723413936,0.0000566946430711339,13,FALSE
"14",0.0000932522660301785,0.000000450838673113444,0.0000928014273570651,14,TRUE
"15",0.0000745948566846234,-0.000000758780647028989,0.0000753536373316524,15,FALSE
"16",-0.0000186473231768801,0.000000996381339201565,-0.0000196437045160817,16,FALSE
"17",-0.0000932383545294676,-0.00000146418862091236,-0.0000917741659085552,17,TRUE
"18",-0.000149195277969436,-0.00000108133892500107,-0.000148113939044435,18,TRUE
"19",-0.000130565347956679,-0.0000000557976919067765,-0.000130509550264773,19,TRUE
"20",-0.0000932731410662469,0.00000148992968150448,-0.0000947630707477513,20,FALSE
"21",0.0000186563683512932,0.00000224390294888802,0.0000164124654024052,21,TRUE
"22",-0.000149248162381984,0.00000252846743763858,-0.000151776629819623,22,FALSE
"23",-0.00014927044072096,0.00000103110614931218,-0.000150301546870272,23,FALSE
"24",-0.000242600679281834,0.00000161912871473718,-0.000244219807996571,24,FALSE
"25",0.0000746644765086808,0.0000012105679707838,0.000073453908537897,25,TRUE
"26",-0.0000373294510705008,0.00000389906548343669,-0.0000412285165539375,26,FALSE
"27",-0.0000186654223051362,0.00000153576116114779,-0.0000202011834662839,27,FALSE
"28",-0.0000746630828386822,0.0000019549887414565,-0.0000766180715801387,28,FALSE
"29",-0.000205338809034926,-0.000000445610264877789,-0.000204893198770049,29,TRUE
"30",0.0000560129950148787,0.000000613650744581677,0.0000553993442702971,30,TRUE
"31",0.0000933497628915505,0.00000219664220611938,0.0000911531206854311,31,TRUE
"32",-0.000186682099053584,0.00000115576475702859,-0.000187837863810613,32,FALSE
"33",0.000242732042496877,0.000000379512596317719,0.000242352529900559,33,TRUE
"34",0.0000933358222885426,0.00000109128172159545,0.0000922445405669472,34,TRUE
"35",-0.0000933271115258466,-0.00000179184289138002,-0.0000915352686344665,35,TRUE
"36",0.0000933358222885426,-0.000000358229869338258,0.0000936940521578809,36,FALSE
"37",-0.000186654223051859,-0.0000014529973538247,-0.000185201225698034,37,TRUE
"38",0.0000186689069356212,-0.00000146927340229596,0.0000201381803379172,38,FALSE
"39",0.000429376843520138,0.00000191737357535738,0.00042745946994478,39,TRUE
"40",-0.000261247644106121,0.000000599409629887843,-0.000261847053736008,40,FALSE
"41",-0.000373308446103552,-0.00000244597275691225,-0.00037086247334664,41,TRUE
"42",-0.0000746895714685755,-0.000000452598273915342,-0.0000742369731946601,42,TRUE
"43",-0.0000746951504173509,0.000000384546962858891,-0.0000750796973802098,43,FALSE
"44",0.0000560255476497636,0.0000041088356241286,0.000051916712025635,44,TRUE
"45",-0.000130718954248393,0.0000040595337523685,-0.000134778488000762,45,FALSE
"46",0.000205442354742936,0.000000231968329816537,0.000205210386413119,46,TRUE
"47",0.000149381932255277,0.00000179906193628539,0.000147582870318992,47,TRUE
"48",0.0000186699525782769,-0.00000131261324319031,0.0000199825658214673,48,FALSE
"49",-0.0000186696040176553,-0.000000916673607999911,-0.0000177529304096554,49,TRUE
"50",-0.000149359620626547,-0.00000246828219964849,-0.000146891338426899,50,TRUE
"51",0.0000560182245956046,-0.00000141641300964256,0.0000574346376052471,51,FALSE
"52",0.0000373433911534294,0.00000121717879891425,0.0000361262123545152,52,TRUE
"53",0.000186709983382874,0.000000371771254851176,0.000186338212128023,53,TRUE
"54",-0.000112005077563587,0.00000103282618935773,-0.000113037903752945,54,FALSE
"55",0.0000560088120531316,-0.00000230337245638933,0.000058312184509521,55,FALSE
"56",-0.0000746742336556689,-0.0000000609274733611288,-0.0000746133061823078,56,TRUE
"57",0.00013068966804827,-0.00000166198690265126,0.000132351654950921,57,FALSE
"58",0.0000186675129272092,0.00000152354004848001,0.0000171439728787292,58,TRUE
"59",0.00016800448011941,-0.00000117197507367497,0.000169176455193085,59,FALSE
"60",-0.000149312230538068,0.000000236245332528492,-0.000149548475870596,60,FALSE
"61",-0.0000373336320023023,-0.00000275729226163368,-0.0000345763397406687,61,TRUE
"62",0.0000186675129272092,0.000000300075738870708,0.0000183674371883385,62,TRUE
"63",0.0000933358222885426,-0.000000445348428813782,0.0000937811707173564,63,FALSE
"64",-0.0000186654223051362,0.00000139126904642554,-0.0000200566913515617,64,FALSE
"65",0.0000559973121290531,-0.000000549213118425581,0.0000565465252474787,65,FALSE
"66",0.0000186647255351675,-0.000000279436954248898,0.0000189441624894164,66,FALSE
"67",-0.0000559931315092368,-0.00000110545655233902,-0.0000548876749568978,67,TRUE
"68",0.0000559962669155742,-0.000000321107924083508,0.0000563173748396577,68,FALSE
"69",0,0.0000000134953255644843,-0.0000000134953255644843,69,FALSE
"70",-0.0000186643771696903,-0.00000037613377670301,-0.0000182882433929873,70,TRUE
"71",-0.000130653078746504,0.000000200830865005084,-0.000130853909611509,71,FALSE
"72",-0.000149337315661735,-0.000000542219702966238,-0.000148795095958768,72,TRUE
"73",-0.0000560098577349966,0.000000855286410507267,-0.0000568651441455039,73,FALSE
"74",0.0000373419966764753,0.0000017742746902198,0.0000355677219862555,74,TRUE
"75",-0.000205373312671386,0.00000218684107041939,-0.000207560153741806,75,FALSE
"76",-0.000149393090569711,0.000000785808491878345,-0.000150178899061589,76,FALSE
"77",0.0000560307795749485,0.00000168742595704688,0.0000543433536179016,77,TRUE
"78",-0.000224110561210172,0.0000018151601762856,-0.000225925721386458,78,FALSE
"79",0.000149440532008277,0.00000143799001046152,0.000148002541997816,79,TRUE
"80",-0.000130740927513521,0.00000305962813654562,-0.000133800555650067,80,FALSE
"81",-0.0000933985878133005,-0.000000987034947203262,-0.0000924115528660972,81,TRUE
"82",-0.000112088774309324,0.0000021174466357304,-0.000114206220945054,82,FALSE
"83",0.000112101339611079,-0.000000151565076938955,0.000112252904688018,83,FALSE
"84",0.0000934073119243257,0.00000254446899484781,0.0000908628429294779,84,TRUE
"85",0.000224156610752021,0.000000485547313628303,0.000223671063438392,85,TRUE
"86",-0.000224106375826368,0.000000119447081699329,-0.000224225822908067,86,FALSE
"87",-0.0000933985878133005,-0.00000348792102886002,-0.0000899106667844405,87,TRUE
"88",0.000018681462384832,-0.0000000397132500429177,0.0000187211756348749,88,FALSE
"89",-0.000224173360732275,-0.000000156275527230524,-0.000224017085205044,89,TRUE
"90",0.000224223625696003,0.00000166530340410214,0.000222558322291901,90,TRUE
"91",-0.000130767793760535,0.00000288411387737859,-0.000133651907637914,91,FALSE
"92",-0.0000934177830091219,-0.00000127913556280958,-0.0000921386474463123,92,TRUE
"93",0,0.00000181740360633211,-0.00000181740360633211,93,FALSE
"94",-0.0000747412085653343,-0.000000565258176705619,-0.0000741759503886286,94,TRUE
"95",0.0000186866988077451,0.00000131520630854707,0.000017371492499198,95,TRUE
"96",-0.000112118097729513,0.00000139766486849412,-0.000113515762598007,96,FALSE
"97",0.0000934422246724332,-0.0000000484261378386631,0.0000934906508102719,97,FALSE
"98",-0.000130806891654547,0.00000160149752212135,-0.000132408389176669,98,FALSE
"99",-0.0000747565739062097,-0.000000683007828289768,-0.0000740735660779199,99,TRUE
"100",0.000149524325738727,0.00000145784571007807,0.000148066480028649,100,TRUE
"101",-0.0000747509857786167,0.00000062404303387441,-0.0000753750288124911,101,FALSE
"102",0.000112134860859397,0.0000000435633256377503,0.00011209129753376,102,TRUE
"103",0.0000186870480069828,0.00000080959586121916,0.0000178774521457636,103,TRUE
"104",0,-0.00000179005305343529,0.00000179005305343529,104,FALSE
"105",-0.0000934334940388913,0.0000000125210791591501,-0.0000934460151180504,105,FALSE
"106",0.0000747537797379798,-0.00000116098184053854,0.0000759147615785183,106,FALSE
"107",-0.0000747481920280971,0.000000727609381891121,-0.0000754758014099882,107,FALSE
"108",-0.000299015118951919,-0.000000355590100541354,-0.000298659528851378,108,TRUE
"109",-0.0000560821042005849,0.000000532159474168613,-0.0000566142636747535,109,FALSE
"110",-0.000168255748738188,0.00000198130566845555,-0.000170237054406643,110,FALSE
"111",0.0000934911463885513,0.00000196517514230578,0.0000915259712462455,111,TRUE
"112",0.00035523314512209,0.00000419096667003053,0.00035104217845206,112,TRUE
"113",-0.0000373796841417479,0.00000102003535619119,-0.0000383997194979391,113,FALSE
"114",0.0000560716221520642,-0.00000190608589885766,0.0000579777080509218,114,FALSE
"115",0.000205584420438848,-0.00000179636810914436,0.000207380788547993,115,FALSE
"116",0,-0.00000284622895679947,0.00000284622895679947,116,FALSE
"117",0,-0.00000156457555541133,0.00000156457555541133,117,FALSE
"118",0.000149485210306989,-0.00000128661375542298,0.000150771824062412,118,FALSE
"119",0.00014946286781876,-0.00000142017999002416,0.000150883047808784,119,FALSE
"120",-0.0000373601330019864,-0.000000930750573318761,-0.0000364293824286677,120,TRUE
"121",-0.0000186807644170023,-0.00000186401013622437,-0.0000168167542807779,121,TRUE
"122",-0.000168130020549165,-0.00000156120180872925,-0.000166568818740435,122,TRUE
"123",0.000093421273892439,-0.00000122504868599065,0.0000946463225784297,123,FALSE
"124",0.0000186825094346237,0.00000189351983224181,0.0000167889896023819,124,TRUE
"125",0.000186821604050355,0.000000114756153400371,0.000186706847896954,125,TRUE
"126",0.000168108037431996,0.00000118592553266278,0.000166922111899334,126,TRUE
"127",0,-0.00000203776137073335,0.00000203776137073335,127,FALSE
"128",-0.000130728719231923,-0.00000225017853217158,-0.000128478540699752,128,TRUE
"129",-0.000168101757597371,-0.000002440737032439,-0.000165661020564932,129,TRUE
"130",0.0000560433401831102,-0.000000631243329585872,0.0000566745835126961,130,FALSE
"131",0.0000186800665009932,0.00000197101054939453,0.0000167090559515987,131,TRUE
"132",0,0.00000133277535646503,-0.00000133277535646503,132,FALSE
"133",0.0000560391526880467,0.00000100374443363484,0.0000550354082544118,133,TRUE
"134",0.000112072024954775,-0.000000435076971763902,0.000112507101926539,134,FALSE
"135",-0.000224118932446794,-0.000000402445414227244,-0.000223716487032567,135,TRUE
"136",-0.000149446115335189,-0.0000015210869911419,-0.000147925028344047,136,TRUE
"137",0.0000747342264073307,0.000000617913584932651,0.000074116312822398,137,TRUE
"138",-0.0000747286416201087,0.00000131135374263541,-0.0000760399953627441,138,FALSE
"139",0,0.00000170791840106716,-0.00000170791840106716,139,FALSE
"140",-0.000242886235823783,0.00000152328973284421,-0.000244409525556627,140,FALSE
"141",0.0000747523827321913,-0.000000744397703717322,0.0000754967804359087,141,FALSE
"142",-0.000168180289270038,0.0000026900631383371,-0.000170870352408375,142,FALSE
"143",-0.000186898420708407,0.0000000792631470953654,-0.000186977683855503,143,FALSE
"144",-0.0000186933358257345,0.00000270517995781549,-0.00002139851578355,144,FALSE
"145",-0.000149549482184901,0.00000152609009204186,-0.000151075572276943,145,FALSE
"146",-0.0000560894439666808,0.00000201454757640144,-0.0000581039915430822,146,FALSE
"147",0.000280462950844204,0.00000270532264398866,0.000277757628200215,147,TRUE
"148",0.000373845751242996,0.00000170253597857486,0.000372143215264421,148,TRUE
"149",0.0000186853021412921,-0.00000012803940011939,0.0000188133415414115,149,FALSE
"150",-0.000242904389095393,-0.00000362716856017756,-0.000239277220535216,150,TRUE
"151",0.0000186894927671227,-0.00000438517519484098,0.0000230746679619637,151,FALSE
"152",-0.0000747565739062097,-0.00000116353516248334,-0.0000735930387437263,152,TRUE
"153",-0.000373810814346818,0.000000541025211274265,-0.000374351839558092,153,FALSE
"154",-0.000317858010956842,0.00000185050897124353,-0.000319708519928086,154,FALSE
"155",0.000243145176373868,0.00000257425885960552,0.000240570917514263,155,TRUE
"156",0.0000747957142055678,0.00000509320026176118,0.0000697025139438066,156,TRUE
"157",0.000130882710393984,0.00000253071347302176,0.000128351996920962,157,TRUE
"158",-0.000280426247896814,0.00000126311106136685,-0.000281689358958181,158,FALSE
"159",0.000504908835904614,-0.00000384134252280329,0.000508750178427418,159,FALSE
"160",0.000504654031624972,0.00000200300833371869,0.000502651023291253,160,TRUE
"161",-0.0000560443871546618,-0.00000308974630862559,-0.0000529546408460362,161,TRUE
"162",0.000672570339648113,-0.00000386992288444886,0.000676440262532562,162,FALSE
"163",-0.0000186699525784428,-0.0000045254964460045,-0.0000141444561324383,163,TRUE
"164",0.000336065420735282,-0.0000093303747870774,0.00034539579552236,164,FALSE
"165",-0.0000933201440862508,-0.00000149791596222226,-0.0000918222281240285,165,TRUE
"166",0.00132526972038665,-0.00000829695100285771,0.00133356667138951,166,FALSE
"167",-0.0000745642650759541,0.00000190578165449084,-0.000076470046730445,167,FALSE
"168",0.00123040211778315,-0.000013121918424957,0.00124352403620811,168,FALSE
"169",-0.000670303684808403,-0.00000177892810537263,-0.000668524756703031,169,TRUE
"170",0.000279480538838489,-0.0000216102939310214,0.000301090832769511,170,FALSE
"171",0.00027940245129085,0.0000015261630062358,0.000277876288284614,171,TRUE
"172",-0.000130351390104494,-0.00000913547840088173,-0.000121215911703613,172,TRUE
"173",0.000819458412485642,0.00000190504204752862,0.000817553370438113,173,TRUE
"174",-0.000390784919423952,-0.000000914784997241985,-0.00038987013442671,174,TRUE
"175",0.000539866336541569,-0.00000902184494778688,0.000548888181489356,175,FALSE
"176",-0.000372120715960216,0.00000186194874241279,-0.000373982664702629,176,FALSE
"177",-0.000223355544801375,-0.0000101324160039649,-0.00021322312879741,177,TRUE
"178",-0.0000186171203039534,0.00000361533421586233,-0.0000222324545198157,178,FALSE
"179",-0.000260644536704225,-0.00000117633454463394,-0.000259468202159591,179,TRUE
"180",0.000521424979980948,0.00000363552763197814,0.00051778945234897,180,TRUE
"181",0.000335027081355789,0.00000492047184891958,0.000330106609506869,181,TRUE
"182",-0.000148851055912161,-0.0000023771153977423,-0.000146473940514419,182,TRUE
"183",-0.000148873215847703,-0.00000290582863352395,-0.000145967387214179,183,TRUE
"184",0.000148895382382103,-0.00000469693797489656,0.000153592320356999,184,FALSE
"185",-0.000372183039619009,-0.000000692534675660462,-0.000371490504943348,185,TRUE
"186",0,-0.0000000343749100340457,0.0000000343749100340457,186,FALSE
"187",0.000539866336541569,0.00000360139279707058,0.000536264943744499,187,TRUE
"188",0.000279090536970204,0.00000123580849696657,0.000277854728473237,188,TRUE
"189",-0.000148806755826698,-0.000000772705494395581,-0.000148034050332303,189,TRUE
"190",0.00016743251539443,-0.00000466977531168251,0.000172102290706112,190,FALSE
"191",0.000241806480413772,-0.00000406100157351874,0.000245867481987291,191,FALSE
"192",-0.00014876801487695,-0.00000260064733679255,-0.000146167367540158,192,TRUE
"193",0.000223185225138236,-0.00000165311474362848,0.000224838339881865,193,FALSE
"194",-0.000167351568456194,-0.000000757775751771542,-0.000166593792704423,194,TRUE
"195",0.000223172772921679,-0.00000346904524412768,0.000226641818165807,195,FALSE
"196",0.000371871629913478,0.00000205909418954863,0.000369812535723929,196,TRUE
"197",0.00053901341957538,-0.00000228242369833666,0.000541295843273716,197,FALSE
"198",-0.0000743066262933915,-0.00000154301918428546,-0.0000727636071091061,198,TRUE
"199",0.000798855592918006,-0.00000777259414097738,0.000806628187058983,199,FALSE
"200",-0.00024132170038976,-0.0000032017991314884,-0.000238119901258271,200,TRUE
"201",0.000315650704643868,-0.0000109456144763038,0.000326596319120172,201,FALSE
"202",-0.000371236589078343,-0.000000110040996541228,-0.000371126548081802,202,TRUE
"203",-0.0000742748913729632,-0.00000876815419217889,-0.0000655067371807843,203,TRUE
"204",-0.000167130919219996,0.00000354930296586528,-0.000170680222185861,204,FALSE
"205",0.000222878475511203,-0.000000798531430954786,0.000223677006942158,205,FALSE
"206",-0.000204259744118267,0.00000507756379676343,-0.00020933730791503,206,FALSE
"207",0.0000928643066750349,-0.000000866115492259299,0.0000937304221672942,207,FALSE
"208",0.0000557134102178745,0.00000227459832434598,0.0000534388118935286,208,TRUE
"209",-0.000315691736304474,-0.00000165072301082299,-0.000314041013293651,209,TRUE
"210",-0.0000371519328293838,0.000000294276025581007,-0.0000374462088549649,210,FALSE
"211",0,0.0000014752880200563,-0.0000014752880200563,211,FALSE
"212",0,0.00000111001839433271,-0.00000111001839433271,212,FALSE
"213",-0.000148613252586783,0.00000273848397924504,-0.000151351736566028,213,FALSE
"214",0.000130055924047367,0.0000000403679309088367,0.000130015556116458,214,TRUE
"215",0,0.00000142092696191549,-0.00000142092696191549,215,FALSE
"216",-0.0000743080066877124,-0.000000443415624996072,-0.0000738645910627163,216,TRUE
"217",-0.000204362204139282,0.000000563636672188658,-0.000204925840811471,217,FALSE
"218",-0.00293598439096899,-0.000000835292493475432,-0.00293514909847551,218,TRUE
"219",0.0017891421436159,-0.00000328729346947597,0.00179242943708538,219,FALSE
"220",0.0000930180641079982,0.0000281151902443343,0.0000649028738636639,220,TRUE
"221",0.000390639532720792,-0.000000673094518875445,0.000391312627239668,221,FALSE
"222",-0.000409081611781588,0.0000168340542705007,-0.000425915666052089,222,FALSE
"223",-0.000520862399315546,-0.0000189018952380368,-0.000501960504077509,223,TRUE
"224",-0.00011167153678637,0.0000000143525724711948,-0.000111685889358842,224,FALSE
"225",0.000130298010163272,0.00000241210614310313,0.000127885904020169,225,TRUE
"226",0.000241950493206707,0.00000657528412544638,0.00023537520908126,226,TRUE
"227",0.000334927339374476,0.00000410816398432683,0.000330819175390149,227,TRUE
"228",-0.0000372016889567571,-0.000000949180706317749,-0.0000362525082504394,228,TRUE
"229",0.000111609218921553,-0.00000478877847357888,0.000116397997395132,229,FALSE
"230",-0.000223193527387681,-0.00000283491097752099,-0.00022035861641016,230,TRUE
"231",0.000465090320540156,-0.00000388760467346023,0.000468977925213617,231,FALSE
"232",0.0000743798579344632,0.00000247008530965497,0.0000719097726248082,232,TRUE
"233",0.000167342233461115,-0.00000360839511169046,0.000170950628572805,233,FALSE
"234",0.000185904705247987,-0.000000337631905793933,0.000186242337153781,234,FALSE
"235",0.00011152209066753,-0.00000512233100735829,0.000116644421674888,235,FALSE
"236",-0.000260189194714496,-0.00000257273498152448,-0.000257616459732972,236,TRUE
"237",0.000018589779339441,-0.00000347551364621433,0.0000220652929856554,237,FALSE
"238",-0.00022307320519031,0.000000142664106653933,-0.000223215869296964,238,FALSE
"239",0.000130155070469701,-0.000000413845172024107,0.000130568915641725,239,FALSE
"240",-0.000278867426425488,0.0000040762618511092,-0.000282943688276597,240,FALSE
"241",0.000316137910514464,-0.000000793227517304927,0.000316931138031769,241,FALSE
"242",0.000297447528396911,0.00000410061397639879,0.000293346914420512,242,TRUE
"243",-0.000185849424796092,-0.00000194752940675964,-0.000183901895389333,243,TRUE
"244",0.000241649162592807,-0.00000169581093441485,0.000243344973527222,244,FALSE
"245",-0.000167255157034114,-0.00000187144416337052,-0.000165383712870743,245,TRUE
"246",-0.000631958513782285,-0.00000392387827726198,-0.000628034635505023,246,TRUE
"247",-0.0000743950750460238,0.000000767236378214868,-0.0000751623114242386,247,FALSE
"248",0,0.00000361711145460389,-0.00000361711145460389,248,FALSE
"249",0.000353402897903765,0.00000450862990265919,0.000348894268001106,249,TRUE
"250",0.0000557807444870382,0.00000611061833907816,0.0000496701261479601,250,TRUE
"251",0.0000929627219484471,-0.00000211954387780928,0.0000950822658262564,251,FALSE
"252",-0.0000929540806840905,-0.00000170236839658478,-0.0000912517122875057,252,TRUE
"253",0.000111555266338269,-0.00000403214956487699,0.000115587415903146,253,FALSE
"254",-0.000148723764198455,0.00000011116341088179,-0.000148834927609337,254,FALSE
"255",-0.0000371864715617243,-0.00000154609153959948,-0.0000356403800221249,255,TRUE
"256",-0.000130157490563609,0.00000143807712586723,-0.000131595567689476,256,FALSE
"257",-0.0000743853907092565,-0.000000250639094649278,-0.0000741347516146072,257,TRUE
"258",-0.000130184117537687,0.00000227884230774439,-0.000132462959845432,258,FALSE
"259",0.000353402897903765,0.00000119229002237944,0.000352210607881386,259,TRUE
"260",-0.0000185935814956244,0.00000303725341718324,-0.0000216308349128076,260,FALSE
"261",0.0000371878544468162,-0.00000172837326489046,0.0000389162277117066,261,FALSE
"262",0.000278898536712355,-0.000000138547529751848,0.000279037084242106,262,FALSE
"263",0.000371761032008584,-0.0000026252097412301,0.000374386241749814,263,FALSE
"264",0.0000743245754208547,-0.00000156834447884146,0.0000758929198996962,264,FALSE
"265",0.000148638103377785,-0.00000427022264699037,0.000152908326024775,265,FALSE
"266",0.000724503065205237,-0.00000411293503787256,0.00072861600024311,266,FALSE
"267",0.000241326180177936,-0.00000324900836309351,0.000244575188541029,267,FALSE
"268",-0.0000185590735311709,-0.0000065775213774386,-0.0000119815521537323,268,TRUE
"269",0.000315510105603177,-0.0000060973588694379,0.000321607464472615,269,FALSE
"270",0,-0.00000620261478288403,0.00000620261478288403,270,FALSE
"271",0.000742142565586768,-0.00000443012026502736,0.000746572685851795,271,FALSE
"272",-0.0000185398049612086,0.000000203375061626309,-0.0000187431800228349,272,FALSE
"273",0.000370802973839809,-0.00000856120778243099,0.00037936418162224,273,FALSE
"274",-0.000129732935485691,-0.00000217659263177257,-0.000127556342853919,274,TRUE
"275",0,-0.00000921088482038523,0.00000921088482038523,275,FALSE
"276",-0.000518999073215884,-0.000000300651885023671,-0.00051869842133086,276,TRUE
"277",-0.0000741812247320122,-0.00000344244148272478,-0.0000707387832492874,277,TRUE
"278",-0.0000927334099929009,0.00000508647980245762,-0.0000978198897953585,278,FALSE
"279",0.000222580824661931,0.0000025160092609205,0.00022006481540101,279,TRUE
"280",0.000463606861381456,0.00000569296874612841,0.000457913892635328,280,TRUE
"281",-0.0000556070435587212,0.0000000241877783436201,-0.0000556312313370648,281,FALSE
"282",0.0000370734239159794,-0.00000394451898817865,0.000041017942904158,282,FALSE
"283",-0.00012975217334893,-0.00000317877809257543,-0.000126573395256355,283,TRUE
"284",0.000148307441325852,-0.00000410609097106204,0.000152413532296914,284,FALSE
"285",-0.000352177942539391,0.00000160937077958571,-0.000353787313318976,285,FALSE
"286",0.000185422113441311,-0.00000159580196871755,0.000187017915410029,286,FALSE
"287",0.00022246528614595,0.00000361659929576982,0.00021884868685018,287,TRUE
"288",-0.000148277204233298,-0.000000888606172474407,-0.000147388598060823,288,TRUE
"289",-0.0000741495968115592,0.0000000981393947165386,-0.0000742477362062757,289,FALSE
"290",-0.00018538773845504,-0.00000136030610625767,-0.000184027432348783,290,TRUE
"291",-0.0000927110567205731,-0.000000964393492322276,-0.0000917466632282509,291,TRUE
"292",-0.0000741757222860876,0.00000283333496940527,-0.0000770090572554929,292,FALSE
"293",0.0000741812247320122,0.00000196385188786856,0.0000722173728441436,293,TRUE
"294",-0.000129807514000694,0.00000261894953761894,-0.000132426463538313,294,FALSE
"295",0.0000741853521022192,0.000000233968778075294,0.0000739513833241439,295,TRUE
"296",-0.000241084509392956,0.00000148103777231203,-0.000242565547165268,296,FALSE
"297",0.0000927471712112267,-0.0000011089920632445,0.0000938561632744712,297,FALSE
"298",-0.0000927385699711997,0.00000286102900104809,-0.0000955995989722477,298,FALSE
"299",-0.000296790947876057,-0.000000546259253018445,-0.000296244688623039,299,TRUE
"300",0.0000556648235425444,0.00000181869139037274,0.0000538461321521717,300,TRUE
"301",-0.000426739892758404,0.00000208703556870955,-0.000428826928327113,301,FALSE
"302",0.0000185618294538677,0.000000749528292877576,0.0000178123011609901,302,TRUE
"303",-0.0000185614849187502,0.00000565916024606822,-0.0000242206451648185,303,FALSE
"304",0.0000928091472695034,0.00000107800835876155,0.0000917311389107419,304,TRUE
"305",0.000204161175968392,0.00000373882084550659,0.000200422355122886,305,TRUE
"306",-0.000167006865837923,-0.000000457373461070512,-0.000166549492376852,306,TRUE
"307",-0.000129915925836428,-0.00000215229648798068,-0.000127763629348447,307,TRUE
"308",0,-0.000000476412127098442,0.000000476412127098442,308,FALSE
"309",-0.0000742473178158006,0.0000000371719840867347,-0.0000742844897998873,309,FALSE
"310",0,0.00000176006841139471,-0.00000176006841139471,310,FALSE
"311",0.000129942454056088,0.00000165980667135631,0.000128282647384732,311,TRUE
"312",0.0000185607958870492,0.000000529701896877769,0.0000180310939901715,312,TRUE
"313",-0.0000928022569510025,-0.000000398217123390128,-0.0000924040398276123,313,TRUE
"314",-0.00011137304401082,-0.000000836194871421398,-0.000110536849139398,314,TRUE
"315",0.0000556927246736037,-0.000000595570651629869,0.0000562882953252335,315,FALSE
"316",0.000222758492667673,0.00000121154638558447,0.000221546946282089,316,TRUE
"317",-0.0000742362941241891,0.0000011593794384025,-0.0000753956735625916,317,FALSE
"318",0.000148483611121406,-0.00000122572255054445,0.000149709333671951,318,FALSE
"319",-0.0000185576958766015,-0.000000494235641843097,-0.0000180634602347585,319,TRUE
"320",0.000018558040271069,-0.00000274994283874956,0.0000213079831098185,320,FALSE
"321",0.00027836543814721,0.000000193265424053074,0.000278172172723157,321,TRUE
"322",0.0000742101259716807,-0.000000796574171465781,0.0000750067001431464,322,FALSE
"323",-0.000204062702903274,-0.00000201868033622432,-0.00020204402256705,323,TRUE
"324",-0.0000556648235425444,-0.00000222862204720401,-0.0000534362014953404,324,TRUE
"325",0.0000371119481917986,-0.00000104693053294167,0.0000381588787247403,325,FALSE
"326",0,0.000000723605594323378,-0.000000723605594323378,326,FALSE
"327",0.000185552854730567,0.00000160036089188193,0.000183952493838685,327,TRUE
"328",-0.0000927592156280212,0.00000063730501790327,-0.0000933965206459245,328,FALSE
"329",-0.0000742142565586767,-0.00000195464738974111,-0.0000722596091689356,329,TRUE
"330",-0.0000742197647233376,-0.000000135684670861806,-0.0000740840800524758,330,TRUE
"331",0.000278344776396373,-0.000000686686229193492,0.000279031462625567,331,FALSE
"332",0.000092755774046883,0.00000214837278296947,0.0000906074012639135,332,TRUE
"333",0,-0.00000115596961893969,0.00000115596961893969,333,FALSE
"334",0.000296790947876057,-0.00000125314554188139,0.000298044093417938,334,FALSE
"335",-0.000222527166858263,-0.00000212792415485633,-0.000220399242703406,335,TRUE
"336",0.000204028638201599,-0.00000353223534575348,0.000207560873547353,336,FALSE
"337",-0.0000370885489106021,0.00000095061623927533,-0.0000380391651498775,337,FALSE
"338",-0.000074179849043999,-0.00000323833652464086,-0.0000709415125193582,338,TRUE
"339",-0.000241102394332171,0.00000116945716587468,-0.000242271851498046,339,FALSE
"340",0,-0.00000135918535916054,0.00000135918535916054,340,FALSE
"341",-0.0000927540533520801,0.00000253244420900275,-0.0000952864975610828,341,FALSE
"342",-0.000185525314929284,0.00000141298574308927,-0.000186938300672373,342,FALSE
"343",0.0000556679222876156,0.00000238984189905511,0.0000532780803885604,343,TRUE
"344",-0.00020410435298922,0.0000019570990451004,-0.00020606145203432,344,FALSE
"345",0.000185587290982376,0.000000698160349465164,0.00018488913063291,345,TRUE
"346",0.0000185552854730238,0.00000326156508728646,0.0000152937203857373,346,TRUE
"347",0.0000927747059041309,-0.00000108831800256466,0.0000938630239066955,347,FALSE
"348",-0.0000742128796452543,0.000000944062403204088,-0.0000751569420484583,348,FALSE
"349",-0.000315428147323423,-0.00000247130588499554,-0.000312956841438428,349,TRUE
"350",0.0000928022569508376,-0.000000492240825283606,0.0000932944977761212,350,FALSE
"351",0.0000556761872947291,0.00000222754774652038,0.0000534486395482088,351,TRUE
"352",0.0000742307835059117,0.00000123330043491923,0.0000729974830709925,352,TRUE
"353",-0.0000556689552793077,0.00000190006917583503,-0.0000575690244551427,353,FALSE
"354",-0.0000185573514947514,-0.00000167820900183496,-0.0000168791424929165,354,TRUE
"355",-0.0000742307835059117,-0.000000342526111304063,-0.0000738882573946077,355,TRUE
"356",-0.0000742362941241891,-0.000000368397592771363,-0.0000738678965314178,356,TRUE
"357",-0.0000185604513902994,0.000000993344045498669,-0.0000195537954357981,357,FALSE
"358",0.0000928039794347516,0.00000101194094575745,0.0000917920384889941,358,TRUE
"359",0.0000742362941241891,0.00000122096162692092,0.0000730153324972682,359,TRUE
"360",-0.000148461567011823,0.0000000726413902057803,-0.000148534208402029,360,FALSE
"361",-0.0000742418055607031,-0.00000107928682362447,-0.0000731625187370786,361,TRUE
"362",0.0000185618294538677,-0.00000000330611325769376,0.0000185651355671254,362,FALSE
"363",-0.0000185614849187502,0.000000615501974976431,-0.0000191769868937267,363,FALSE
"364",-0.0000742473178158006,0.00000133454192263114,-0.0000755818597384317,364,FALSE
"365",0.0000928160386115855,0.000000550754312354169,0.0000922652842992313,365,TRUE
"366",0.0000371229698375005,0.000000681826850022,0.0000364411429874785,366,TRUE
"367",-0.0000556823876606531,-0.000000226126628709608,-0.0000554562610319435,367,TRUE
"368",-0.0000928091472696683,-0.000000160531229112971,-0.0000926486160405553,368,TRUE
"369",-0.0000928177616068096,-0.000000629849972076321,-0.0000921879116347333,369,TRUE
"370",0.000167087479578137,0.000000497294039186952,0.00016659018553895,370,TRUE
"371",0.000241308262023745,0.00000187006211230329,0.000239438199911442,371,TRUE
"372",0.0000742307835059117,0.000000226125146306032,0.0000740046583596057,372,TRUE
"373",-0.0000742252737056886,-0.00000171029193204826,-0.0000725149817736403,373,TRUE
"374",-0.000148461567011823,-0.00000306696420266443,-0.000145394602809159,374,TRUE
"375",-0.0000928022569510025,-0.00000194745913965198,-0.0000908547978113505,375,TRUE
"376",0.0000185621740019407,0.000000713041838769731,0.000017849132163171,376,TRUE
"377",-0.0000742473178158006,0.00000198164954043486,-0.0000762289673562355,377,FALSE
"378",0.0000742528308893344,0.0000013101360868787,0.0000729426948024556,378,TRUE
"379",-0.0000742473178158006,0.00000141284655455852,-0.0000756601643703591,379,FALSE
"380",0,-0.00000058007986543888,0.00000058007986543888,380,FALSE
"381",-0.0000742528308891695,0.00000090464597880749,-0.000075157476867977,381,FALSE
"382",0,-0.000000442451463838103,0.000000442451463838103,382,FALSE
"383",0.0000742583447814867,0.00000120329664846437,0.0000730550481330223,383,TRUE
"384",0.0000742528308893344,0.000000430683505313472,0.0000738221473840209,384,TRUE
"385",-0.000055685488361768,0.000000146618505185458,-0.0000558321068669535,385,FALSE
"386",-0.0000185628631361317,-0.000000992044918024503,-0.0000175708182181072,386,TRUE
"387",0.0000742528308893344,-0.000000494889815539162,0.0000747477207048735,387,FALSE
"388",0,-0.000000104372698418793,0.000000104372698418793,388,FALSE
"389",0.000352674759624311,-0.0000000630303467745886,0.000352737789971086,389,FALSE
"390",-0.0000556658564192361,0.000000480905232511003,-0.0000561467616517471,390,FALSE
"391",-0.000148450547411377,-0.00000353103980155463,-0.000144919507609823,391,TRUE
"392",0,-0.00000123672239445598,0.00000123672239445598,392,FALSE
"393",0,-0.00000148022189754191,0.00000148022189754191,393,FALSE
"394",0.000148472588248378,0.00000105352302340079,0.000147419065224977,394,TRUE
"395",0.0000742252737056886,0.00000148156083056732,0.0000727437128751213,395,TRUE
"396",-0.000129884588265882,-0.00000105646348962679,-0.000128828124776255,396,TRUE
"397",0,-0.00000142224728329274,0.00000142224728329274,397,FALSE
"398",0.0000556720544844191,-0.000000476471936110437,0.0000561485264205295,398,FALSE
"399",0.000148450547411377,0.0000000126051898434963,0.000148437942221534,399,TRUE
"400",0,0.000000883617635024722,-0.000000883617635024722,400,FALSE
"401",-0.0000742142565586767,-0.00000141218945656873,-0.000072802067102108,401,TRUE
"402",-0.0000556648235425444,-0.0000011855724058237,-0.0000544792511367207,402,TRUE
"403",0.0000371119481917986,-0.000000722427184637542,0.0000378343753764362,403,FALSE
"404",-0.0000556658564192361,0.00000081004063920351,-0.0000564758970584396,404,FALSE
"405",-0.0000927815921322344,0.00000043642860078184,-0.0000932180207330162,405,FALSE
"406",-0.0000371160805418083,0.000000587844990407201,-0.0000377039255322155,406,FALSE
"407",0.000129911103687646,0.000000596169195288916,0.000129314934492357,407,TRUE
"408",0.0000742252737056886,0.00000135781686992307,0.0000728674568357655,408,TRUE
"409",0,0.00000000230605806242026,-0.00000000230605806242026,409,FALSE
"410",-0.0000742197647233376,-0.000000812188393568247,-0.0000734075763297694,410,TRUE
"411",-0.0000185563184265458,-0.0000014959421298634,-0.0000170603762966824,411,TRUE
"412",0.0000185566627698891,-0.000000047638700664214,0.0000186043014705533,412,FALSE
"413",0,0.000000480016863406384,-0.000000480016863406384,413,FALSE
"414",0.0000742252737056886,0.000000534780510533827,0.0000736904931951548,414,TRUE
"415",-0.0000556648235425444,0.000000209578498393819,-0.0000558744020409383,415,FALSE
"416",0.0000556679222876156,-0.000000845347353860325,0.0000565132696414759,416,FALSE
"417",0,0.000000246097431878123,-0.000000246097431878123,417,FALSE
"418",0,-0.000000830493678491126,0.000000830493678491126,418,FALSE
"419",-0.0000742197647233376,0.000000232655481367583,-0.0000744524202047052,419,FALSE
"420",-0.0000185563184265458,-0.000000588556876834967,-0.0000179677615497108,420,TRUE
"421",-0.0000185566627697242,0.000000561103967966459,-0.0000191177667376907,421,FALSE
"422",-0.0000556710213777073,0.000000414006565709524,-0.0000560850279434168,422,FALSE
"423",-0.0000556741208127124,0.000000732845040417401,-0.0000564069658531298,423,FALSE
"424",0,0.000000573419175036614,-0.000000573419175036614,424,FALSE
"425",0,0.000000821724389032038,-0.000000821724389032038,425,FALSE
"426",-0.00009279536765536,0.000000680466507955733,-0.0000934758341633158,426,FALSE
"427",0.0000185607958870492,0.000000291552182171631,0.0000182692437048776,427,TRUE
"428",0,0.000000775813522074036,-0.000000775813522074036,428,FALSE
"429",-0.000129923159731272,0.000000224601054513157,-0.000130147760785785,429,FALSE
"430",-0.0000371257262720985,0.000000455316165779973,-0.0000375810424378785,430,FALSE
"431",-0.0000556906569641517,0.000000821743894538394,-0.0000565124008586901,431,FALSE
"432",-0.0000742583447814867,0.000000720612721662653,-0.0000749789575031493,432,FALSE
"433",0.0000556978946196185,0.00000152854863877306,0.0000541693459808454,433,TRUE
"434",0,0.00000122192015413396,-0.00000122192015413396,434,FALSE
"435",-0.0000556947925369329,0.00000030951759324455,-0.0000560043101301774,435,FALSE
"436",0.000148527718985539,0.000000285966162472253,0.000148241752823067,436,TRUE
"437",-0.0000742528308891695,0.000000253200480072036,-0.0000745060313692415,437,FALSE
"438",-0.0000742583447814867,-0.00000109701440773371,-0.0000731613303737529,438,TRUE
"439",-0.00031562140284423,0.000000321763342941007,-0.000315943166187171,439,FALSE
"440",0.000148574612313105,-0.000000886463170348285,0.000149461075483453,440,FALSE
"441",-0.0000557072029413754,0.00000369831559122654,-0.000059405518532602,441,FALSE
"442",0.0000557103064067203,0.000000589900231729443,0.0000551204061749909,442,TRUE
"443",-0.000129983473529821,0.00000253601867608661,-0.000132519492205908,443,FALSE
"444",-0.0000557144448984491,-0.00000167161317020244,-0.0000540428317282467,444,TRUE
"445",0.0000557175491707722,0.00000117421951377937,0.0000545433296569929,445,TRUE
"446",0.0000185714816327614,0.000000610908890943328,0.0000179605727418181,446,TRUE
"447",-0.0000185711367392365,0.000000877114388253401,-0.0000194482511274899,447,FALSE
"448",-0.0000185714816327614,0.0000000511724463325195,-0.0000186226540790939,448,FALSE
"449",0,-0.000000416015180888221,0.000000416015180888221,449,FALSE
"450",0.0000185718265390968,0.0000000710330240204484,0.0000185007935150764,450,TRUE
"451",0,0.00000026002422387664,-0.00000026002422387664,451,FALSE
"452",0.000148571853062421,0.00000000364773627251655,0.000148568205326148,452,TRUE
"453",0.000148549782745926,0.000000189565751949487,0.000148360216993977,453,TRUE
"454",0.000129961754112388,-0.00000107737628340178,0.00013103913039579,454,FALSE
"455",0.000111381313928303,-0.00000155542696493173,0.000112936740893235,455,FALSE
"456",-0.000167053364269247,-0.00000265807386685342,-0.000164395290402393,456,TRUE
"457",0.0000556937585861562,-0.00000292963811830068,0.0000586233967044569,457,FALSE
"458",0,-0.0000000774982996378354,0.0000000774982996378354,458,FALSE
"459",0,-0.000000687480602785748,0.000000687480602785748,459,FALSE
"460",0.000018563552321329,0.00000114608081653294,0.000017417471504796,460,TRUE
"461",0,-0.000000423743017772276,0.000000423743017772276,461,FALSE
"462",0,-0.000000148596055866824,0.000000148596055866824,462,FALSE
"463",-0.0000928160386114206,-0.0000000746530205599622,-0.0000927413855908607,463,TRUE
"464",-0.0000556947925369329,-0.000000317328943373764,-0.0000553774635935591,464,TRUE
"465",-0.0000185659648731512,0.00000064390692353501,-0.0000192098717966862,465,FALSE
"466",-0.00014853047659715,0.000000786057751806662,-0.000149316534348957,466,FALSE
"467",0,0.000000869623447332082,-0.000000869623447332082,467,FALSE
"468",-0.000557072029413424,0.00000172037663808105,-0.000558792406051505,468,FALSE
"469",-0.000167214759489378,-0.000000241238719386652,-0.000166973520769991,469,TRUE
"470",-0.0000557475749805235,0.00000537993640445476,-0.0000611275113849782,470,FALSE
"471",0.000130084926873714,0.0000034796100529143,0.0001266053168208,471,TRUE
"472",-0.0000185811438551724,0.00000591877293499356,-0.000024499916790166,472,FALSE
"473",-0.000222977869446598,0.000000521221727637651,-0.000223499091174236,473,FALSE
"474",-0.000130099433138046,-0.000000313787404395885,-0.00012978564573365,474,TRUE
"475",0.000130116361202881,0.000000561339012103841,0.000129555022190777,475,TRUE
"476",0,0.00000232192760304197,-0.00000232192760304197,476,FALSE
"477",0,0.00000131035276231827,-0.00000131035276231827,477,FALSE
"478",0.0000743425332218114,0.000000543721799913145,0.0000737988114218982,478,TRUE
"479",0.0000185842517052268,-0.000000934894734815638,0.0000195191464400425,479,FALSE
"480",0.0000185839063370687,-0.000000562037013002613,0.0000191459433500714,480,FALSE
"481",-0.0000743342439278133,-0.000000414675419505982,-0.0000739195685083073,481,TRUE
"482",-0.0000929247123979636,-0.000000965411555877568,-0.0000919593008420861,482,TRUE
"483",-0.000297386714248673,0.000000202598010844005,-0.000297589312259517,483,FALSE
"484",0.000130145390993966,0.000000361422095274496,0.000129783968898691,484,TRUE
"485",0.000316026248768516,0.00000359530770023032,0.000312430941068286,485,TRUE
"486",-0.0000557517190113713,0.00000147834921172979,-0.0000572300682231011,486,FALSE
"487",-0.0000185849424795597,-0.000000713286915765297,-0.0000178716555637944,487,TRUE
"488",0.000167267590974925,-0.00000192503238216244,0.000169192623357087,488,FALSE
"489",0.00013007525782777,-0.00000192134506737224,0.000131996602895142,489,FALSE
"490",0.0000557392887667104,-0.000000575601840488436,0.0000563148906071989,490,FALSE
"491",0.000167208546214525,-0.00000146232088072001,0.000168670867095245,491,FALSE
"492",0.000612995504699688,-0.00000204368270966741,0.000615039187409356,492,FALSE
"493",-0.0000742569662316364,-0.00000153911405073705,-0.0000727178521808994,493,TRUE
"494",0.000352746783506305,-0.00000616849270992432,0.00035891527621623,494,FALSE
"495",0.000501094985338318,-0.00000261466956594995,0.000503709654904268,495,FALSE
"496",-0.000370995566603103,-0.00000666111281047432,-0.000364334453792629,496,TRUE
"497",-0.000278349941546358,-0.00000548054640473584,-0.000272869395141622,497,TRUE
"498",0.0000556854883616032,-0.00000243348361943683,0.00005811897198104,498,FALSE
"499",0,-0.000000290513896338386,0.000000290513896338386,499,FALSE
"500",0.0000742431835477023,0.00000371627351994876,0.0000705269100277536,500,TRUE
"501",-0.000055678253929827,0.00000219093909228652,-0.0000578691930221135,501,FALSE
"502",0,-0.00000115001870741508,0.00000115001870741508,502,FALSE
"503",0,0.000000147121142356025,-0.000000147121142356025,503,FALSE
"504",0.0000185604513901346,-0.00000038498036927826,0.0000189454317594128,504,FALSE
"505",-0.0000371202138125099,0.000000489645149705327,-0.0000376098589622152,505,FALSE
"506",0.000167047162982454,-0.000000214593783056668,0.000167261756765511,506,FALSE
"507",0.000129903871135387,0.000000519608902978345,0.000129384262232408,507,TRUE
"508",-0.0000556658564192361,-0.0000011090582509942,-0.0000545567981682419,508,TRUE
"509",0.000167006865837758,-0.00000150619627944067,0.000168513062117199,509,FALSE
"510",0.0000371064398227095,-0.00000114977730184484,0.0000382562171245544,510,FALSE
"511",0,-0.00000211236472578641,0.00000211236472578641,511,FALSE
"512",0,-0.000000512110474914227,0.000000512110474914227,512,FALSE
"513",0.000185525314929119,-0.00000151889394230483,0.000187044208871424,513,FALSE
"514",-0.0000185490901670841,0.0000000256574982944983,-0.0000185747476653786,514,FALSE
"515",-0.000129846039695816,-0.00000151807005221657,-0.0001283279696436,515,TRUE
"516",0.000185518431256207,-0.000000828552759031553,0.000186346984015239,516,FALSE
"517",0.0010572589171443,-0.0000000776041554177709,0.00105733652129971,517,FALSE
"518",-0.000222345747637552,0.00000106973283511556,-0.000223415480472667,518,FALSE
"519",0.000277993995329711,-0.00000853968481570795,0.000286533680145419,519,FALSE
"520",-0.000129694476868091,-0.00000349897919592465,-0.000126195497672166,520,TRUE
"521",-0.0000185301856725818,-0.0000102326633927418,-0.00000829752227984008,521,TRUE
"522",-0.0000555915871396833,0.00000171078273339948,-0.0000573023698730828,522,FALSE
"523",-0.000166784033208659,-0.00000170889098045053,-0.000165075142228209,523,TRUE
"524",0.0000926732526459346,0.00000128653093016687,0.0000913867217157678,524,TRUE
"525",-0.0000555987990659752,0.00000187542162878404,-0.0000574742206947592,525,FALSE
"526",-0.0000926698174405729,0.000000285929377884087,-0.000092955746818457,526,FALSE
"527",-0.000166821130676493,0.00000127538852086949,-0.000168096519197362,527,FALSE
"528",-0.0000556163215365286,-0.0000000913646048003136,-0.0000555249569317283,528,TRUE
"529",0,0.00000206508838092951,-0.00000206508838092951,529,FALSE
"530",0.0000556194148837905,0.00000187607320810391,0.0000537433416756866,530,TRUE
"531",-0.0000556163215365286,0.00000169073335621357,-0.0000573070548927422,531,FALSE
"532",0.0000741592198449991,-0.0000000880125515599872,0.0000742472323965591,532,FALSE
"533",-0.0000741537206629261,0.000000353421231647953,-0.000074507141894574,533,FALSE
"534",-0.00012977863472879,-0.000000958005323366896,-0.000128820629405423,534,TRUE
"535",0.0000556266340324098,0.000000520648936293795,0.000055105985096116,535,TRUE
"536",0.000148329439685525,0.000000827787116979272,0.000147501652568546,536,TRUE
"537",0.000018538430165855,0.000000948603693584731,0.0000175898264722703,537,TRUE
"538",0.000129766605490843,-0.000000313712996749066,0.000130080318487593,538,FALSE
"539",0.0000926784059315313,-0.000000970304514931065,0.0000936487104464623,539,FALSE
"540",-0.0000185339634880487,-0.00000216495040037797,-0.0000163690130876708,540,TRUE
"541",0.000315083219038364,-0.0000014487227832551,0.000316531941821619,541,FALSE
"542",0.0000555854069778564,-0.000000728186902641235,0.0000563135938804977,542,FALSE
"543",-0.0000926371956869254,-0.00000310883627700213,-0.0000895283594099233,543,TRUE
"544",-0.0000370583112526698,-0.00000172481118610468,-0.0000353335000665652,544,TRUE
"545",-0.0000370596846221621,-0.00000213200081763055,-0.0000349276838045315,545,TRUE
"546",-0.0000370610580931222,0.000000147393710589504,-0.0000372084518037117,546,FALSE
"547",0.00018531215833077,0.00000113950858815788,0.000184172649742612,547,TRUE
"548",0.0000926389120485656,0.00000107922302029073,0.0000915596890282748,548,TRUE
"549",0,-0.000000865625709958425,0.000000865625709958425,549,FALSE
"550",0.0000185260661750652,-0.00000118283011539608,0.0000197088962904613,550,FALSE
"551",0.0000370514459327557,-0.00000185939306914175,0.0000389108390018975,551,FALSE
"552",0.0000741001463477809,-0.00000084215392766749,0.0000749423002754484,552,FALSE
"553",0,-0.000000239293163265244,0.000000239293163265244,553,FALSE
"554",0.0000740946559229334,-0.00000089409033331183,0.0000749887462562452,554,FALSE
"555",-0.00025931208209085,-0.000000470076183872769,-0.000258842005906977,555,TRUE
"556",0.0000555812876331985,-0.00000166203972724951,0.000057243327360448,556,FALSE
"557",-0.000240838860276506,0.00000187660809304835,-0.000242715468369554,557,FALSE
"558",-0.000148244232372818,-0.000000438124336231996,-0.000147806108036586,558,TRUE
"559",0.0000741331059918001,0.00000356735174107053,0.0000705657542507296,559,TRUE
"560",0.0000185319026705686,0.00000183119942913308,0.0000167007032414355,560,TRUE
"561",-0.0000926577962270878,0.0000020108963062658,-0.0000946686925333536,561,FALSE
"562",0.0000185332764980735,0.000000604523015341691,0.0000179287534827318,562,TRUE
"563",-0.0000185329330221015,0.0000000921508379036588,-0.0000186250838600051,563,FALSE
"564",0.0000741331059918001,0.0000000393197289578454,0.0000740937862628423,564,TRUE
"565",0.000296510442727287,0.000000965586955049738,0.000295544855772237,565,TRUE
"566",0.0000741056375863712,-0.000000143503870729051,0.0000742491414571003,566,FALSE
"567",0.0000185250365869041,-0.0000023878091794158,0.0000209128457663199,567,FALSE
"568",0,-0.00000236064469744879,0.00000236064469744879,568,FALSE
"569",0.0000740987736652877,-0.00000287806917687191,0.0000769768428421596,569,FALSE
"570",-0.000222279850331543,-0.000000550466478039315,-0.000221729383853504,570,TRUE
"571",0,-0.00000114041927792774,0.00000114041927792774,571,FALSE
"572",0.0000185274391373193,0.00000148130117059748,0.0000170461379667218,572,TRUE
"573",0.0000370541917555205,0.000000319142730442267,0.0000367350490250783,573,TRUE
"574",-0.0000555792281898195,0.00000174057867797568,-0.0000573198068677952,574,FALSE
"575",0,-0.000000469970275687272,0.000000469970275687272,575,FALSE
"576",0.000129692073961564,0.000000143934568356922,0.000129548139393207,576,TRUE
"577",0,0.000000150291142226986,-0.000000150291142226986,577,FALSE
"578",0.0000741001463477809,-0.000000582327735364159,0.000074682474083145,578,FALSE
"579",-0.0000555709919422412,-0.000000389758951641068,-0.0000551812329906001,579,TRUE
"580",0,-0.00000175563210184139,0.00000175563210184139,580,FALSE
"581",0.0000555740802490069,0.000000146837761827231,0.0000554272424871797,581,TRUE
"582",-0.000111141983884482,-0.000000285393769588403,-0.000110856590114894,582,TRUE
"583",0.0000370514459327557,-0.000000186780167711319,0.000037238226100467,583,FALSE
"584",0,0.000000732070552388127,-0.000000732070552388127,584,FALSE
"585",0.0000185250365869041,-0.000000305409727604534,0.0000188304463145086,585,FALSE
"586",0.000148197547330575,0.000000795454269535313,0.00014740209306104,586,TRUE
"587",0,-0.000000188570936713822,0.000000188570936713822,587,FALSE
"588",0.0000555658455269844,-0.00000126077813957869,0.0000568266236665631,588,FALSE
"589",0,-0.000000649072900068856,0.000000649072900068856,589,FALSE
"590",-0.0000555627581353488,-0.00000166019949821904,-0.0000539025586371298,590,TRUE
"591",0,-0.000000322281859943792,0.000000322281859943792,591,FALSE
"592",-0.0000740877940359244,-0.0000000109469957765773,-0.0000740768470401478,592,TRUE
"593",0,0.0000000916710963948507,-0.0000000916710963948507,593,FALSE
"594",0.0000185233208609208,0.00000104873816420234,0.0000174745826967184,594,TRUE
"595",-0.0000370459555077211,0.000000330888692496503,-0.0000373768442002176,595,FALSE
"596",-0.0000185236639808567,0.000000393450671957263,-0.000018917114652814,596,FALSE
"597",-0.0000370480142263511,0.000000189104848426295,-0.0000372371190747774,597,FALSE
"598",-0.0000370493868327261,0.0000000794472832912871,-0.0000371288341160174,598,FALSE
"599",0.0000926268988515397,0.000000608979511448681,0.000092017919340091,599,TRUE
"600",0.000111141983884318,0.000000762223383652468,0.000110379760500665,600,TRUE
"601",0,-0.0000000909388899705014,0.0000000909388899705014,601,FALSE
"602",-0.0000926080272637519,-0.000000958305513521626,-0.0000916497217502303,602,TRUE
"603",0.0000555699625829269,-0.00000137132929052205,0.0000569412918734489,603,FALSE
"604",0.0000740891663116479,-0.0000000713681985432623,0.0000741605345101912,604,FALSE
"605",0,0.0000000593756798223354,-0.0000000593756798223354,605,FALSE
"606",0,-0.0000000570319109989206,0.0000000570319109989206,606,FALSE
"607",-0.0000370418387569541,-0.000000753693498731515,-0.0000362881452582225,607,TRUE
"608",0.0000555648163583169,-0.000000673509563290521,0.0000562383259216075,608,FALSE
"609",0.0000370411527207508,0.000000395337968305054,0.0000366458147524458,609,TRUE
"610",0.0102229794799613,-0.000000229935772831646,0.0102232094157342,610,FALSE
"611",0.000201657255994739,0.0000179665728042111,0.000183690683190528,611,TRUE
"612",-0.0000916439084293559,-0.0000820780906486495,-0.0000095658177807064,612,TRUE
"613",-0.000201635077171262,-0.0000431925382717065,-0.000158442538899555,613,TRUE
"614",0.000128339108593247,-0.0000842775829236675,0.000212616691516914,614,FALSE
"615",0.00023831347387711,0.000000556994039481343,0.000237756479837629,615,TRUE
"616",0.000458185950186095,0.000000959019058703158,0.000457226931127392,616,TRUE
"617",-0.000109914266871909,0.0000000448565457631517,-0.000109959123417672,617,FALSE
"618",-0.000384742222710701,-0.0000058740651740368,-0.000378868157536664,618,TRUE
"619",-0.000146624878576256,-0.00000360153918070746,-0.000143023339395549,619,TRUE
"620",-0.0000733231902920015,-0.000000496730425097837,-0.0000728264598669037,620,TRUE
"621",-0.000183321417441261,0.00000349195036764076,-0.000186813367808902,621,FALSE
"622",-0.000311703551586863,0.0000040059039425821,-0.000315709455529445,622,FALSE
"623",-0.000366824401159288,0.00000241041685209413,-0.000369234818011382,623,FALSE
"624",-0.00022017540640708,0.00000318122925013452,-0.000223356635657215,624,FALSE
"625",0.000201871903101505,0.00000530170181125048,0.000196570201290255,625,TRUE
"626",0.000311920882185736,0.00000615304312231681,0.000305767839063419,626,TRUE
"627",-0.000201768223339099,0.00000283272220303815,-0.000204600945542137,627,FALSE
"628",0.000146770139615079,-0.00000186181064583787,0.000148631950260917,628,FALSE
"629",-0.0000550307254884324,-0.00000103384801911554,-0.0000539968774693168,629,TRUE
"630",-0.000256824185500493,-0.00000301947709981218,-0.000253804708400681,630,TRUE
"631",0.0000183492972220366,0.0000010482395096895,0.0000173010577123471,631,TRUE
"632",-0.000128442723719728,0.00000110604358449548,-0.000129548767304223,632,FALSE
"633",0,0.0000011088058475623,-0.0000011088058475623,633,FALSE
"634",-0.000183513176246116,0.00000306064525719681,-0.000186573821503313,634,FALSE
"635",0.000146837487610571,0.0000000396432852648365,0.000146797844325306,635,TRUE
"636",-0.000220223894292506,0.00000278353450399878,-0.000223007428796505,636,FALSE
"637",-0.000146848269026013,-0.000000829091292958451,-0.000146019177733054,637,TRUE
"638",-0.000146869836607291,0.00000241618378830796,-0.000149286020395599,638,FALSE
"639",-0.0000918071315779301,0.000000595625195350192,-0.0000924027567732803,639,FALSE
"640",-0.0000550893365407916,0.00000340902951735553,-0.0000584983660581472,640,FALSE
"641",0.000257097733867007,0.00000243188700572972,0.000254665846861278,641,TRUE
"642",0.000036718807373214,0.00000247197486137783,0.0000342468325118362,642,TRUE
"643",0.000201946025335065,-0.00000101820964230846,0.000202964234977374,643,FALSE
"644",0.000256970319927938,-0.00000051685061253575,0.000257487170540474,644,FALSE
"645",0.000238553995779525,-0.00000341566647172928,0.000241969662251255,645,FALSE
"646",0,-0.00000274594415941897,0.00000274594415941897,646,FALSE
"647",0,-0.00000459917711214626,0.00000459917711214626,647,FALSE
"648",-0.0000550377926176321,-0.00000306682795854222,-0.0000519709646590899,648,TRUE
"649",0.000238510228419507,-0.00000205434046529756,0.000240564568884805,649,FALSE
"650",0.0000733702630323849,0.000000864779913325366,0.0000725054831190595,650,TRUE
"651",-0.0000183412200580784,-0.00000155737682861954,-0.0000167838432294589,651,TRUE
"652",0.0000733662258579182,-0.00000112771474706126,0.0000744939406049795,652,FALSE
"653",-0.0000183402109123828,-0.00000197384123065442,-0.0000163663696817283,653,TRUE
"654",0.0000733621891277155,-0.00000114786789526871,0.0000745100570229842,654,FALSE
"655",-0.000568515258215941,0.000000132671833601682,-0.000568647930049542,655,FALSE
"656",0.0000917481696239651,-0.00000212635582873746,0.0000938745254527026,656,FALSE
"657",-0.000110087703203459,0.00000456937908008616,-0.000114657082283545,657,FALSE
"658",-0.000110099823840351,0.000000754388426128365,-0.00011085421226648,658,FALSE
"659",-0.0000367039823820029,0.00000497898844908034,-0.0000416829708310833,659,FALSE
"660",-0.000146821318455424,0.000000506299077077311,-0.000147327617532501,660,FALSE
"661",0.0000183553597650086,0.00000137829194255007,0.0000169770678224585,661,TRUE
"662",-0.000146840182816011,0.00000225847535180912,-0.000149098658167821,662,FALSE
"663",-0.000183577185027506,0.000000483357755439465,-0.000184060542782946,663,FALSE
"664",0.0000918054458989999,0.0000019792094359612,0.0000898262364630387,664,TRUE
"665",-0.000201953440552106,0.0000020727484640941,-0.0002040261890162,665,FALSE
"666",0.0000918155609012107,0.000000848456624224153,0.0000909671042769865,666,TRUE
"667",0.0000734457052623767,0.00000291626025084027,0.0000705294450115364,667,TRUE
"668",-0.0000734403113869122,-0.000000545096588255978,-0.0000728952147986562,668,TRUE
"669",-0.00022033711578713,0.000000568508700735939,-0.000220905624487866,669,FALSE
"670",-0.000202020202020221,-0.000000852391918039171,-0.000201167810102181,670,TRUE
"671",0.000238799390143029,0.00000109741086941264,0.000237701979273616,671,TRUE
"672",0.000367295967090241,0.00000353023444821829,0.000363765732642023,672,TRUE
"673",0.0000550741665443143,0.00000136122398096134,0.000053712942563353,673,TRUE
"674",0.000312069756769248,-0.00000214564845554241,0.00031421540522479,674,FALSE
"675",0.0000367026352491254,-0.00000332133824534779,0.0000400239734944731,675,FALSE
"676",0.000238558373399002,-0.00000566653045929423,0.000244224903858297,676,FALSE
"677",0.000128423872163072,-0.00000157615334573781,0.00013000002550881,677,FALSE
"678",-0.000238470851524312,-0.000004388148896358,-0.000234082702627954,678,TRUE
"679",0,-0.00000271251233605182,0.00000271251233605182,679,FALSE
"680",-0.000110089723124416,-0.000000564047227234713,-0.000109525675897181,680,TRUE
"681",-0.000128452151573402,-0.000000290041417977513,-0.000128162110155425,681,TRUE
"682",-0.0000734106592277118,0.00000260853821761567,-0.0000760191974453274,682,FALSE
"683",-0.000110124073122454,0.00000134037837834276,-0.000111464451500797,683,FALSE
"684",-0.0000183560336282108,0.00000181120904881708,-0.0000201672426770279,684,FALSE
"685",0.0000367127411567329,0.00000219755670738876,0.0000345151844493441,685,TRUE
"686",-0.000110134180142714,0.00000125715667192248,-0.000111391336814636,686,FALSE
"687",-0.0000183577185028647,0.00000048721596930469,-0.0000188449344721694,687,FALSE
"688",0.0000367161110295972,0.000000851845462739961,0.0000358642655668573,688,TRUE
"689",0,0.000000354063339653978,-0.000000354063339653978,689,FALSE
"690",-0.0000734295260124015,0.000000683164906703046,-0.0000741126909191045,690,FALSE
"691",-0.0000734349183036453,-0.000000127699161814483,-0.0000733072191418308,691,TRUE
"692",0.000201960856314049,0.000000156051143193565,0.000201804805170856,692,TRUE
"693",-0.0000550691117352624,0.0000012423321604719,-0.0000563114438957343,693,FALSE
"694",-0.0000550721445093419,-0.000000817053181511945,-0.0000542550913278299,694,TRUE
"695",0.000073433570156589,0.000000132939232483378,0.0000733006309241056,695,TRUE
"696",0.0000917852225792769,-0.00000086343197732687,0.0000926486545566038,696,FALSE
"697",-0.0000183553597651716,0.000000248544525676873,-0.0000186039042908485,697,FALSE
"698",0.0000550670900714384,-0.000000611011710552793,0.0000556781017819912,698,FALSE
"699",-0.000201901545464576,-0.000000726489790211149,-0.000201175055674364,699,TRUE
"700",0.0000550751776174825,-0.00000147884274507388,0.0000565540203625564,700,FALSE
"701",-0.000128501670521743,0.00000164320918524414,-0.000130144879706988,701,FALSE
"702",0,-0.00000030909354358881,0.00000030909354358881,702,FALSE
"703",0.0000917987038022514,0.00000246298832848046,0.000089335715473771,703,TRUE
"704",-0.00033044499926556,0.000000228354597306283,-0.000330673353862866,704,FALSE
"705",0.000146912990781194,-0.000000268678361573692,0.000147181669142767,705,FALSE
"706",0.0000550842789468233,0.00000253725459509539,0.0000525470243517279,706,TRUE
"707",0.000128522904617508,-0.000000502012051654233,0.000129024916669162,707,FALSE
"708",-0.0000367161110294342,0.00000190692405386544,-0.0000386230350832996,708,FALSE
"709",0.000238663484486806,-0.00000252048970990614,0.000241183974196713,709,FALSE
"710",0.000201897839693134,-0.000000250222103835736,0.00020214806179697,710,FALSE
"711",0.0000734025764304246,-0.00000245773598219738,0.000075860312412622,711,FALSE
"712",0.000201842269441099,-0.00000214424294705414,0.000203986512388153,712,FALSE
"713",-0.000128419160138719,-0.00000299784380314836,-0.000125421316335571,713,TRUE
"714",0.000495394664415971,-0.00000379510831612225,0.000499189772732093,714,FALSE
"715",0.000238405252251192,0.000000495374793577753,0.000237909877457614,715,TRUE
"716",0.000220013934215809,-0.00000468039556670387,0.000224694329782513,716,FALSE
"717",0.000256626461854363,-0.00000245606683887733,0.00025908252869324,717,FALSE
"718",0.00062307579533794,-0.00000632632654016662,0.000629402121878106,718,FALSE
"719",0.000293029559356768,-0.00000378602357153462,0.000296815582928302,719,FALSE
"720",0.0000732359295470277,-0.00000730277745853042,0.0000805387070055581,720,FALSE
"721",-0.000347845190582551,-0.00000682571734158627,-0.000341019473240965,721,TRUE
"722",0.000128198084354366,-0.00000749335177317352,0.00013569143612754,722,FALSE
"723",0.00014649331624243,0.000000314682452607972,0.000146178633789822,723,TRUE
"724",0.000238016771027799,0.0000000325901843276403,0.000237984180843472,724,TRUE
"725",0.00020135088136774,0.00000158793322142808,0.000199762948146312,725,TRUE
"726",0.0000183009406683077,-0.00000318764180632157,0.0000214885824746293,726,FALSE
"727",0.000274509086250765,-0.00000373782135547546,0.000278246907606241,727,FALSE
"728",0.000384207252369358,-0.00000242002086859916,0.000386627273237957,728,FALSE
"729",0.0000548656705499715,-0.00000323894506868421,0.0000581046156186557,729,FALSE
"730",0.0000731502139643678,-0.00000423191198040892,0.0000773821259447767,730,FALSE
"731",-0.00043886918041192,-0.00000410548892059521,-0.000434763691491324,731,TRUE
"732",0.000219530935567646,-0.00000473776092194938,0.000224268696489596,732,FALSE
"733",0.000329224128470616,0.00000315934479612495,0.000326064783674491,733,TRUE
"734",-0.000530242082937076,-0.00000000674167857748088,-0.000530235341258499,734,TRUE
"735",-0.0000731756398294927,-0.000000861992070659906,-0.0000723136477588328,735,TRUE
"736",-0.0000914762436196438,0.000000989883326521547,-0.0000924661269461654,736,FALSE
"737",0.000146375379661125,-0.000000144651677519528,0.000146520031338644,737,FALSE
"738",-0.000365884892612744,0.00000563552856385906,-0.000371520421176603,738,FALSE
"739",-0.000146407525346787,-0.00000085445769702457,-0.000145553067649762,739,TRUE
"740",0.000311161547754071,0.00000282998053285975,0.000308331567221211,740,TRUE
"741",0.0001646813416041,0.00000199632160144869,0.000162685020002651,741,TRUE
"742",-0.0000365898280278855,0.000001391645220591,-0.0000379814732484765,742,FALSE
"743",-0.0000182955834461135,-0.00000143390850034416,-0.0000168616749457693,743,TRUE
"744",0.0001829591818066,-0.00000295383745751017,0.00018591301926411,744,FALSE
"745",-0.0000182925713868797,-0.000000731588436653916,-0.0000175609829502258,745,TRUE
"746",0.000439029744265288,-0.00000112341360672077,0.000440153157872009,746,FALSE
"747",0.000036569756811032,0.000000341571545887687,0.0000362281852651443,747,TRUE
"748",-0.000182842097564442,-0.00000487620431438522,-0.000177965893250057,748,TRUE
"749",0.0000365751069821027,-0.00000223346459620729,0.00003880857157831,749,FALSE
"750",-0.000182868846463378,-0.00000221902001667788,-0.0001806498264467,750,TRUE
"751",0.000018290229359596,-0.000000182649230038524,0.0000184728785896345,751,FALSE
"752",0.000182898948330946,0.00000284879942070328,0.000180050148910242,752,TRUE
"753",-0.000128005851695942,0.000000614339695733393,-0.000128620191391675,753,FALSE
"754",-0.0000914444566371504,-0.000000265522319018398,-0.000091178934318132,754,TRUE
"755",0.000164615075082869,-0.0000000235218221665957,0.000164638596905035,755,FALSE
"756",-0.000256025748875368,0.0000000395410271966396,-0.000256065289902565,756,FALSE
"757",-0.0000731689470988432,-0.000000355513910113296,-0.0000728134331887299,757,TRUE
"758",-0.0000182935752963133,0.0000020072406105272,-0.0000203008159068405,758,FALSE
"759",0.0000731756398294927,0.000000232707880732798,0.0000729429319487599,759,TRUE
"760",0.0000914628569337485,0.0000026705742231791,0.0000887922827105694,760,TRUE
"761",-0.00010974539069366,0.000000250573329333301,-0.000109995964022993,761,FALSE
"762",0.0000731716240441876,-0.00000107157318222505,0.0000742431972264127,762,FALSE
"763",0.000219498811048245,0.0000000406746379289695,0.000219458136410316,763,TRUE
"764",-0.0000182875534912138,-0.000000504088396893159,-0.0000177834650943206,764,TRUE
"765",-0.000073151551727283,-0.00000118375842565056,-0.0000719677933016324,765,TRUE
"766",-0.000365784516341383,-0.00000146653389378068,-0.000364317982447602,766,TRUE
"767",-0.000201255099987211,-0.00000179166121803219,-0.000199463438769179,767,TRUE
"768",0,0.00000301420695501626,-0.00000301420695501626,768,FALSE
"769",-0.000128097207480903,0.00000368192410050571,-0.000131779131581409,769,FALSE
"770",-0.000164717509471198,0.00000358141181828209,-0.00016829892128948,770,FALSE
"771",0,0.0000023829640071309,-0.0000023829640071309,771,FALSE
"772",0.000128134724510369,0.00000183365851072926,0.00012630106599964,772,TRUE
"773",-0.0000549078463312753,0.00000194087281529486,-0.0000568487191465702,773,FALSE
"774",-0.0000183036204560836,0.000000227552737614078,-0.0000185311731936976,774,FALSE
"775",-0.000146431643878226,-0.000000108324785853966,-0.000146323319092372,775,TRUE
"776",-0.000384439359267814,-0.000000943988536101874,-0.000383495370731712,776,TRUE
"777",-0.0000549410299612096,0.0000010122976777268,-0.0000559533276389364,777,FALSE
"778",-0.000128202780168888,0.00000371859654423241,-0.00013192137671312,778,FALSE
"779",-0.000256438436458109,0.00000295870859085619,-0.000259397145048965,779,FALSE
"780",0.0000183217295712288,0.00000394396379680233,0.0000143777657744265,780,TRUE
"781",-0.000073285575566581,0.00000305145786515648,-0.0000763370334317375,781,FALSE
"782",-0.000201550103523481,0.00000180568345570635,-0.000203355786979187,782,FALSE
"783",0.000183264303778971,0.00000225759497372063,0.000181006708805251,783,TRUE
"784",-0.000274846086191743,0.00000208376387538395,-0.000276929850067127,784,FALSE
"785",0.000201609208042393,-0.000000544258469163038,0.000202153466511556,785,FALSE
"786",0.0000366488309022088,0.00000347462685031269,0.0000331742040518961,786,TRUE
"787",-0.00029317990251765,-0.0000019463551849373,-0.000291233547332713,787,TRUE
"788",0,0.000000628505453400339,-0.000000628505453400339,788,FALSE
"789",0,0.000000545985936457638,-0.000000545985936457638,789,FALSE
"790",-0.0000733164705450999,0.000000878450630182597,-0.0000741949211752825,790,FALSE
"791",-0.000348278769659422,0.00000227405037851557,-0.000350552820037938,791,FALSE
"792",-0.000165031631062561,-0.0000000325757714743509,-0.000164999055291087,792,TRUE
"793",-0.0000733594982210241,0.00000278918769309445,-0.0000761486859141185,793,FALSE
"794",-0.0000733648802318249,0.00000319244054950412,-0.0000765573207813291,794,FALSE
"795",0.00029348105212954,0.0000039767401252161,0.000289504312004323,795,TRUE
"796",-0.0000366743682840837,0.00000275774059376929,-0.000039432108877853,796,FALSE
"797",-0.0000550135700139714,-0.00000151778562686102,-0.0000534957843871104,797,TRUE
"798",0.000366777311155654,-0.000000382822739568853,0.000367160133895223,798,FALSE
"799",-0.000201653559185338,-0.00000116671285127989,-0.000200486846334058,799,TRUE
"800",0.000238365910007634,-0.00000277260082183874,0.000241138510829473,800,FALSE
"801",0.000164983226705389,0.00000101433459340555,0.000163968892111983,801,TRUE
"802",-0.000183284457478067,-0.00000381171004349668,-0.00017947274743457,802,TRUE
"803",-0.000146654445462862,-0.000000951403233682459,-0.000145703042229179,803,TRUE
"804",0,-0.00000141208502532931,0.00000141208502532931,804,FALSE
"805",0.0000733379780719365,0.000000557928781038503,0.000072780049290898,805,TRUE
"806",0.0000366663000035812,0.0000022233766132168,0.0000344429233903644,806,TRUE
"807",-0.0000733299112707993,0.000000680920155527294,-0.0000740108314263266,807,FALSE
"808",0.0000550014667058135,-0.000000718856613664857,0.0000557203233194783,808,FALSE
"809",0,-0.0000000641067464094969,0.0000000641067464094969,809,FALSE
"810",0.0000549984417108528,-0.00000044608715728729,0.0000554445288681401,810,FALSE
"811",0,0.00000047803307525032,-0.00000047803307525032,811,FALSE
"812",-0.000091659028414248,-0.000000891329914718512,-0.0000907676984995295,812,TRUE
"813",0,-0.000000384201403319892,0.000000384201403319892,813,FALSE
"814",-0.0000366669722248459,0.00000028264701529492,-0.0000369496192401408,814,FALSE
"815",0.000128339108593247,0.000000303388869076778,0.00012803571972417,815,TRUE
"816",0.000018331805682817,0.00000127349654540166,0.0000170583091374154,816,TRUE
"817",-0.0000183314696338778,-0.000000847257908199348,-0.0000174842117256785,817,TRUE
"818",-0.000018331805682817,-0.000000394742910256787,-0.0000179370627725602,818,TRUE
"819",-0.0000549964252323945,-0.00000101213365494647,-0.0000539842915774481,819,TRUE
"820",0.0000733326000073252,-0.000000027701118993339,0.0000733603011263185,820,FALSE
"821",-0.000073327222731431,0.000000794724132804073,-0.000074121946864235,821,FALSE
"822",-0.0000733326000073252,-0.000000345916263303061,-0.0000729866837440221,822,TRUE
"823",-0.0000733379780719365,0.000000612669076377134,-0.0000739506471483136,823,FALSE
"824",0.000110015035388076,0.000000150029634028958,0.000109865005754047,824,TRUE
"825",-0.0000183338222352169,0.0000016790077235243,-0.0000200128299587412,825,FALSE
"826",0.0000183341583704173,-0.0000000168993880676302,0.0000183510577584849,826,FALSE
"827",-0.0000183338222352169,0.000000338408576999191,-0.0000186722308122161,827,FALSE
"828",0.0000550024751114147,-0.0000010079041838173,0.000056010379295232,828,FALSE
"829",-0.0000733326000073252,0.000000321215724343769,-0.0000736538157316689,829,FALSE
"830",0.0000550034835539931,-0.000000647344391437144,0.0000556508279454302,830,FALSE
"831",0.0000183334861123415,0.000000614006352610313,0.0000177194797597312,831,TRUE
"832",-0.000219997800021976,-0.000000563864494195767,-0.00021943393552778,832,TRUE
"833",0.0000550115524260441,-0.000000157819718164175,0.0000551693721442083,833,FALSE
"834",0.000110017052643066,0.00000133403824724474,0.000108683014395821,834,TRUE
"835",-0.000293346533927328,0.00000048968517739811,-0.000293836219104726,835,FALSE
"836",0.000146716305683407,0.000000180630542884197,0.000146535675140523,836,TRUE
"837",-0.0000366736957917708,0.00000171551166268709,-0.0000383892074544579,837,FALSE
"838",0.0000183375204006116,-0.000000962244454290966,0.0000192997648549025,838,FALSE
"839",-0.0000916859207101278,0.00000214197957294158,-0.0000938279002830694,839,FALSE
"840",-0.0001283720589043,-0.00000136564029901685,-0.000127006418605283,840,TRUE
"841",-0.000476871721506944,0.000000732623224186646,-0.00047760434473113,841,FALSE
"842",0.0000183499706400042,0.000000397733745930524,0.0000179522368940737,842,TRUE
"843",0.000146797071398409,0.0000051180511215423,0.000141679020276867,843,TRUE
"844",0.000403632694248271,0.00000308475670966334,0.000400547937538608,844,TRUE
"845",0.000110037229262474,0.00000338000443745146,0.000106657224825022,845,TRUE
"846",0.0000183375204006116,-0.00000377608862928207,0.0000221136090298936,846,FALSE
"847",0.000238383393845974,-0.00000367532888775944,0.000242058722733733,847,FALSE
"848",-0.000183328139035959,-0.00000347561449385992,-0.000179852524542099,848,TRUE
"849",-0.0000183361754406467,-0.00000321045340415107,-0.0000151257220364957,849,TRUE
"850",0.0000366730233241202,0.000000325831462874321,0.0000363471918612459,850,TRUE
"851",0,-0.0000010057960607232,0.0000010057960607232,851,FALSE
"852",-0.0000733433569254384,0.0000012837077379975,-0.0000746270646634359,852,FALSE
"853",-0.000293394946272018,-0.000000127549304536475,-0.000293267396967482,853,TRUE
"854",0.0000733702630323849,-0.000000235509329472004,0.0000736057723618569,854,FALSE
"855",0,0.00000277399118387899,-0.00000277399118387899,855,FALSE
"856",-0.000110047320347819,0.00000119408429120148,-0.00011124140463902,856,FALSE
"857",-0.000183432386822279,0.00000191542668603236,-0.000185347813508311,857,FALSE
"858",0,-0.0000000470878898285535,0.0000000470878898285535,858,FALSE
"859",-0.0000183466040435488,0.00000191087855678173,-0.0000202574826003305,859,FALSE
"860",0.000128428584533556,0.00000160756829748496,0.000126821016236071,860,TRUE
"861",0.0000183445846785601,0.00000187966577697553,0.0000164649189015846,861,TRUE
"862",0.000165098233449006,-0.000000921626468762771,0.000166019859917769,862,FALSE
"863",0,-0.0000002192048769338,0.0000002192048769338,863,FALSE
"864",0,-0.00000244861723252307,0.00000244861723252307,864,FALSE
"865",-0.0000366824401159939,-0.000000814389010571751,-0.0000358680511054222,865,TRUE
"866",0.000421863536316942,-0.00000141926168373627,0.000423282798000678,866,FALSE
"867",-0.000128339108593247,0.00000104396528478195,-0.000129383073878029,867,FALSE
"868",0.0000733460466480776,-0.0000034576478453406,0.0000768036944934182,868,FALSE
"869",0,-0.000000237901021014825,0.000000237901021014825,869,FALSE
"870",0.000110011001100179,-0.00000353082436597734,0.000113541825466157,870,FALSE
"871",0.00014666520001465,0.000000953252920511509,0.000145711947094139,871,TRUE
"872",-0.000146643692488161,-0.00000122127839339678,-0.000145422414094764,872,TRUE
"873",0.0000183331500017906,-0.00000187724402246855,0.0000202103940242591,873,FALSE
"874",-0.000164995325132396,-0.000000285593890026717,-0.000164709731242369,874,TRUE
"875",0.0000733433569254384,-0.00000105333281592038,0.0000743966897413588,875,FALSE
"876",-0.000146675956143873,0.00000258013143122608,-0.000149256087575099,876,FALSE
"877",-0.000110023104852088,-0.000000334802492890608,-0.000109688302359198,877,TRUE
"878",-0.000183392018779241,0.00000203663609081806,-0.000185428654870059,878,FALSE
"879",0,0.000000542865682686578,-0.000000542865682686578,879,FALSE
"880",0.0000550276972741665,0.00000311338944709223,0.0000519143078270743,880,TRUE
"881",0.0000183415564646017,0.0000017377119536444,0.0000166038445109573,881,TRUE
"882",0.000036682440115831,0.00000109619152071161,0.0000355862485951194,882,TRUE
"883",-0.0000366810945637763,-0.000000302868102519846,-0.0000363782264612565,883,TRUE
"884",0,-0.000000883932351016455,0.000000883932351016455,884,FALSE
"885",-0.0000917061002899033,-0.00000000432024748698505,-0.0000917017800424164,885,TRUE
"886",0.0000183429022141085,-0.00000031644054571407,0.0000186593427598225,886,FALSE
"887",0.00014674052606477,0.00000106753882470563,0.000145672987240064,887,TRUE
"888",0,0.000000482959584200335,-0.000000482959584200335,888,FALSE
"889",0,-0.000000496274720538425,0.000000496274720538425,889,FALSE
"890",-0.0000183398745553782,-0.000000740549993671662,-0.0000175993245617065,890,TRUE
"891",0.0000366804218249284,-0.0000012360805300045,0.0000379165023549329,891,FALSE
"892",0.000238413996735495,0.000000212045906658768,0.000238201950828836,892,TRUE
"893",0.0000366703337001141,0.00000020418354722811,0.0000364661501528859,893,TRUE
"894",-0.0000183344945179434,-0.00000184031428886307,-0.0000164941802290803,894,TRUE
"895",0.0000550044920333879,-0.00000158575036985068,0.0000565902424032386,895,FALSE
"896",-0.000128336755646681,-0.00000185817612597812,-0.000126478579520703,896,TRUE
"897",0.0000183361754404839,-0.000000895569230434802,0.0000192317446709187,897,FALSE
"898",0.000293373427701754,0.000000989079666600153,0.000292384348035153,898,TRUE
"899",0.000311617846537301,0.000000440018860086875,0.000311177827677214,899,TRUE
"900",0.00031152077110562,-0.000000815336649987711,0.000312336107755608,900,FALSE
"901",-0.000219828533743656,-0.00000327051517882995,-0.000216558018564826,901,TRUE
"902",-0.0000366461448256417,-0.00000654383236513367,-0.000030102312460508,902,TRUE
"903",0.0000732949756294125,-0.0000021139559169828,0.0000754089315463953,903,FALSE
"904",0,-0.00000124712831309458,0.00000124712831309458,904,FALSE
"905",-0.000146579207739366,0.00000136354263232733,-0.000147942750371693,905,FALSE
"906",-0.000054975261132525,-0.000000254916939231881,-0.0000547203441932931,906,TRUE
"907",-0.0000549782835778586,0.000000474432829458976,-0.0000554527164073175,907,FALSE
"908",-0.000109962612711747,0.000000931742327938534,-0.000110894355039686,908,FALSE
"909",0.0000366582352726313,0.00000166772477897622,0.0000349905104936551,909,TRUE
"910",-0.0000549853372434364,0.00000161738297691168,-0.0000566027202203481,910,FALSE
"911",0.0000916472679948903,0.000000501868785800206,0.0000911453992090901,911,TRUE
"912",0.000146622191268632,0.00000135756173858087,0.000145264629530051,912,TRUE
"913",-0.0000366501740882415,-0.00000055234848130969,-0.0000360978256069318,913,TRUE
"914",0,-0.00000115646378085033,0.00000115646378085033,914,FALSE
"915",0.0000366515173727338,-0.00000104788973621732,0.0000376994071089511,915,FALSE
"916",-0.0000916254352207665,-0.000000989913474605948,-0.0000906355217461606,916,TRUE
"917",-0.0000549802987263244,-0.000000155772947820069,-0.0000548245257785043,917,TRUE
"918",-0.0000183277739085384,0.000000488253809947536,-0.0000188160277184859,918,FALSE
"919",0.0000733124392881281,0.000000475384524410222,0.0000728370547637179,919,TRUE
"920",0.0000366535324841077,0.00000124965201100569,0.0000354038804731021,920,TRUE
"921",0.0000183260945261156,0.00000000296085960849684,0.0000183231336665071,921,TRUE
"922",-0.0000366515173728966,-0.000000405319703308952,-0.0000362461976695876,922,TRUE
"923",0,-0.000000960542022825133,0.000000960542022825133,923,FALSE
"924",0.0000183264303778483,-0.0000000809190078452461,0.0000184073493856935,924,FALSE
"925",0,0.0000000296915937179737,-0.0000000296915937179737,925,FALSE
"926",-0.0000183260945259529,0.00000015389160088107,-0.0000184799861268339,926,FALSE
"927",0.0000366528607558593,-0.000000106294495395906,0.0000367591552512552,927,FALSE
"928",-0.0000916287934321601,0.0000000615862912380365,-0.0000916903797233981,928,FALSE
"929",0.0000549823140223575,-0.000000382670131353889,0.0000553649841537114,929,FALSE
"930",0,0.000000834153918082444,-0.000000834153918082444,930,FALSE
"931",0.0000183264303778483,-0.000000372234972430614,0.0000186986653502789,931,FALSE
"932",0.000329869701467965,0.000000562959086410563,0.000329306742381555,932,TRUE
"933",0.000183200512961497,-0.0000000109125982787877,0.000183211425559776,933,FALSE
"934",-0.0000732667826723978,-0.00000238837126064738,-0.0000708784114117504,934,TRUE
"935",0.0000183180377717512,-0.00000307364821320442,0.0000213916859849556,935,FALSE
"936",0.0000183177022273899,-0.00000282303260948637,0.0000211407348368763,936,FALSE
"937",0.0000366347333908051,-0.00000132188921733344,0.0000379566226081385,937,FALSE
"938",0.000274750435021533,0.000000445747094388808,0.000274304687927144,938,TRUE
"939",-0.000201428309833382,-0.0000000284715168211733,-0.000201399838316561,939,TRUE
"940",-0.0000183153537610152,-0.00000285511855028013,-0.0000154602352107351,940,TRUE
"941",0.000146525513755066,0.00000017444518484434,0.000146351068570222,941,TRUE
"942",0,-0.00000103604445566362,0.00000103604445566362,942,FALSE
"943",0.000146504047174287,0.000000552730144379491,0.000145951317029908,943,TRUE
"944",-0.0000549309700809662,-0.000000178466280563345,-0.0000547525038004029,944,TRUE
"945",-0.0000732453168775441,-0.00000247212261774336,-0.0000707731942598007,945,TRUE
"946",-0.0000183126705367017,-0.000000279731711933372,-0.0000180329388247683,946,TRUE
"947",-0.0000366260117936531,-0.000000426880398966606,-0.0000361991313946865,947,TRUE
"948",-0.0000366273533073646,0.000000826503674869385,-0.000037453856982234,948,FALSE
"949",-0.0000915717372991119,0.000000902384929251992,-0.0000924741222283639,949,FALSE
"950",-0.0000549480740700385,0.000000427799270785849,-0.0000553758733408243,950,FALSE
"951",-0.00014653624940468,0.0000010829514456022,-0.000147619200850283,951,FALSE
"952",0.0000732788627120426,0.000000847858127623892,0.0000724310045844188,952,TRUE
"953",-0.0000549551199852172,0.00000227529537596151,-0.0000572304153611787,953,FALSE
"954",0,0.00000035561714964538,-0.00000035561714964538,954,FALSE
"955",0.000054958140216407,0.00000134699628990237,0.0000536111439265046,955,TRUE
"956",-0.000128228613299003,-0.000000282230426735928,-0.000127946382872267,956,TRUE
"957",0.0000366414451385109,-0.000000217291207709884,0.0000368587363462208,957,FALSE
"958",-0.0000366401025922019,0.000000870592011919661,-0.0000375106946041215,958,FALSE
"959",0.0000366414451385109,-0.000000293531302695028,0.0000369349764412059,959,FALSE
"960",-0.0000549601538884655,0.0000012627513113669,-0.0000562229051998324,960,FALSE
"961",-0.000054963174672841,-0.000000544216853823893,-0.0000544189578190171,961,TRUE
"962",0.0000549661957894613,0.00000049532537323406,0.0000544708704162272,962,TRUE
"963",0.0000183210582244431,0.000000458242944939382,0.0000178628152795037,963,TRUE
"964",-0.0000366414451386736,0.000000264374463558194,-0.0000369058196022318,964,FALSE
"965",-0.0000549641816749765,0.0000000178970774905555,-0.000054982078752467,965,FALSE
"966",0,-0.000000328926850440963,0.000000328926850440963,966,FALSE
"967",0,0.000000437069674003357,-0.000000437069674003357,967,FALSE
"968",0,0.000000521544509738687,-0.000000521544509738687,968,FALSE
"969",-0.000073289603869683,0.000000450776951858682,-0.0000737403808215417,969,FALSE
"970",0,-0.00000013035394967123,0.00000013035394967123,970,FALSE
"971",-0.000146589951258825,0.000000586662826304216,-0.000147176614085129,971,FALSE
"972",0,0.0000000340059294930319,-0.0000000340059294930319,972,FALSE
"973",-0.0000366528607556966,0.00000177448062455888,-0.0000384273413802554,973,FALSE
"974",-0.0000366542042373034,0.000000524317771345204,-0.0000371785220086486,974,FALSE
"975",0.0000916388695428545,0.00000143042828067949,0.000090208441262175,975,TRUE
"976",0,0.000000603795772125689,-0.000000603795772125689,976,FALSE
"977",0.000274891417889944,-0.000000285538718211467,0.000275176956608155,977,FALSE
"978",0.0000366421164487234,0.000000421013242282408,0.000036221103206441,978,TRUE
"979",-0.0000366407738532211,-0.00000288681343030305,-0.0000337539604229181,979,TRUE
"980",-0.0000366421164485607,-0.00000146395104609795,-0.0000351781654024627,980,TRUE
"981",0.0000366434591424577,-0.0000021736917259412,0.0000388171508683989,981,FALSE
"982",0.0000916052911217271,0.000000205322310853749,0.0000913999688108734,982,TRUE
"983",-0.000109916280433139,0.000000317466951662196,-0.000110233747384802,983,FALSE
"984",0.0000183213938916046,-0.000000775622084513434,0.000019097015976118,984,FALSE
"985",0.0000916052911217271,0.000000243523200548672,0.0000913617679211785,985,TRUE
"986",0,-0.000000292981789245571,0.000000292981789245571,986,FALSE
"987",0.000403026361587798,0.0000000945008323885986,0.000402931860755409,987,TRUE
"988",0.000018311999853624,0.000000198180360391319,0.0000181138194932326,988,TRUE
"989",-0.0000366233290606889,-0.00000394482472075825,-0.0000326785043399306,989,TRUE
"990",0.000201435687078835,-0.00000183248512064115,0.000203268172199476,990,FALSE
"991",-0.0000732345886962332,-0.00000272753974756419,-0.000070507048948669,991,TRUE
"992",0.0000366199761970927,-0.00000174559438487069,0.0000383655705819634,992,FALSE
"993",-0.0000366186352235425,0.00000014164334107476,-0.0000367602785646173,993,FALSE
"994",0.0000732399523940229,-0.0000017157830299908,0.0000749557354240137,994,FALSE
"995",0.0000183086471740176,0.000000876738740283172,0.0000174319084337345,995,TRUE
"996",-0.000109849871841723,-0.000000706770999239919,-0.000109143100842483,996,TRUE
"997",-0.0000183103233604305,-0.000000336149561432071,-0.0000179741737989984,997,TRUE
"998",0.000018310658634511,0.00000017246087182099,0.00001813819776269,998,TRUE
"999",-0.0000183103233604305,0.000000470741640736038,-0.0000187810650011665,999,FALSE
