"age","y"
"g3",569.5
"g3",895.5
"g3",1111
"g3",1182
"g3",1277.5
"g3",1384
"g3",1464.5
"g3",2453
"g3",2538
"g3",2539.5
"g3",2830.5
"g3",2852
"g3",2865
"g3",2945
"g3",3023
"g3",3024.5
"g3",3171.5
"g3",3338.5
"g3",3419
"g3",3519.5
"g3",3519.5
"g3",3556.5
"g3",3619.5
"g3",3641
"g3",3748
"g3",3848.5
"g3",3984.5
"g3",4006.5
"g3",4028.5
"g3",4056
"g3",4066
"g3",4076.5
"g3",4113
"g3",4122
"g3",4262.5
"g3",4357.5
"g3",4430.5
"g3",4438
"g3",4598
"g3",4607
"g3",4616.5
"g3",4755
"g3",4791
"g3",4862
"g3",4921.5
"g3",4951
"g3",4970
"g3",5042
"g3",5042.5
"g3",5088
"g3",5094
"g3",5166
"g3",5337
"g3",5344.5
"g3",5440.5
"g3",5468
"g3",5512
"g3",5580
"g3",5630
"g3",5637
"g3",5661
"g3",5668
"g3",5685
"g3",5755
"g3",5808
"g3",5860
"g3",6046.5
"g3",6206.5
"g3",6230.5
"g3",6364.5
"g3",6377.5
"g3",6412
"g3",6464.5
"g3",6490
"g3",6602
"g3",6607.5
"g3",6622
"g3",6704.5
"g3",6869
"g3",6878
"g3",6970
"g3",6976
"g3",6990
"g3",7003.5
"g3",7009.5
"g3",7034.5
"g3",7044
"g3",7062
"g3",7083.5
"g3",7153.5
"g3",7181.5
"g3",7291.5
"g3",7363.5
"g3",7388.5
"g3",7559
"g3",7574.5
"g3",7577
"g3",7586.5
"g3",7625.5
"g3",7646.5
"g3",7654.5
"g3",7718
"g3",7789
"g3",7790
"g3",7834
"g3",7871
"g3",7941
"g3",7988
"g3",7993.5
"g3",7996
"g3",8037.5
"g3",8052
"g3",8205
"g3",8234
"g3",8257.5
"g3",8286
"g3",8290.5
"g3",8367
"g3",8381
"g3",8390
"g3",8397
"g3",8398
"g3",8434.5
"g3",8480.5
"g3",8522
"g3",8548.5
"g3",8566
"g3",8596
"g3",8655.5
"g3",8765.5
"g3",8847.5
"g3",8881.5
"g3",8928
"g3",9002.5
"g3",9004.5
"g3",9021.5
"g3",9205.5
"g3",9232.5
"g3",9260
"g3",9274
"g3",9279
"g3",9316
"g3",9334.5
"g3",9425.5
"g3",9440.5
"g3",9511
"g3",9516
"g3",9521
"g3",9543
"g3",9574
"g3",9617.5
"g3",9631.5
"g3",9631.5
"g3",9631.5
"g3",9677
"g3",9817
"g3",9817.5
"g3",9827.5
"g3",9841.5
"g3",9860
"g3",9931
"g3",9975
"g3",9984.5
"g3",10030
"g3",10041.5
"g3",10057
"g3",10063.5
"g3",10089
"g3",10112
"g3",10115.5
"g3",10140
"g3",10232.5
"g3",10270
"g3",10441.5
"g3",10442
"g3",10486
"g3",10492
"g3",10510.5
"g3",10637
"g3",10648
"g3",10680
"g3",10748.5
"g3",10764
"g3",10772
"g3",10785.5
"g3",10799
"g3",10813
"g3",10840
"g3",10899
"g3",10929.5
"g3",11032.5
"g3",11055.5
"g3",11060
"g3",11079.5
"g3",11096
"g3",11264
"g3",11276.5
"g3",11291
"g3",11293.5
"g3",11293.5
"g3",11293.5
"g3",11299
"g3",11307.5
"g3",11651
"g3",11665
"g3",11702
"g3",11719.5
"g3",11772
"g3",11774.5
"g3",11815.5
"g3",11847
"g3",11860
"g3",11861.5
"g3",11864.5
"g3",11900.5
"g3",11901
"g3",11917.5
"g3",11921
"g3",11932.5
"g3",11980.5
"g3",11982
"g3",12029.5
"g3",12036.5
"g3",12089.5
"g3",12145.5
"g3",12153
"g3",12186.5
"g3",12206.5
"g3",12249
"g3",12282.5
"g3",12309
"g3",12337.5
"g3",12362.5
"g3",12410
"g3",12412
"g3",12427
"g3",12431.5
"g3",12494
"g3",12503
"g3",12531.5
"g3",12544
"g3",12557.5
"g3",12571.5
"g3",12571.5
"g3",12571.5
"g3",12585.5
"g3",12650.5
"g3",12654
"g3",12659
"g3",12747.5
"g3",12808
"g3",12814.5
"g3",12827
"g3",12887.5
"g3",12895.5
"g3",12898.5
"g3",12928
"g3",12938.5
"g3",12956
"g3",12983.5
"g3",12984
"g3",12996
"g3",13056
"g3",13057
"g3",13089.5
"g3",13187.5
"g3",13203.5
"g3",13228.5
"g3",13331.5
"g3",13354.5
"g3",13396
"g3",13409.5
"g3",13422
"g3",13423
"g3",13430
"g3",13446.5
"g3",13473
"g3",13487
"g3",13488
"g3",13498
"g3",13519.5
"g3",13557
"g3",13567.5
"g3",13612
"g3",13622.5
"g3",13650
"g3",13726
"g3",13741
"g3",13795.5
"g3",13822
"g3",13829
"g3",13863
"g3",13911
"g3",13973
"g3",14046
"g3",14063.5
"g3",14112.5
"g3",14118.5
"g3",14192.5
"g3",14200
"g3",14206.5
"g3",14206.5
"g3",14234
"g3",14260
"g3",14301
"g3",14447
"g3",14495.5
"g3",14520
"g3",14524.5
"g3",14535
"g3",14555
"g3",14564
"g3",14564.5
"g3",14618
"g3",14642
"g3",14653.5
"g3",14658.5
"g3",14673.5
"g3",14701
"g3",14734.5
"g3",14760
"g3",14771
"g3",14787.5
"g3",14800.5
"g3",14811
"g3",14814
"g3",14852.5
"g3",14913.5
"g3",14929.5
"g3",14942
"g3",15006.5
"g3",15031
"g3",15031
"g3",15040.5
"g3",15044.5
"g3",15085.5
"g3",15085.5
"g3",15085.5
"g3",15107.5
"g3",15154.5
"g3",15183.5
"g3",15271.5
"g3",15285
"g3",15329
"g3",15387
"g3",15393.5
"g3",15402
"g3",15449.5
"g3",15453
"g3",15457
"g3",15471
"g3",15484
"g3",15484
"g3",15494
"g3",15518.5
"g3",15524
"g3",15641.5
"g3",15667.5
"g3",15675
"g3",15683.5
"g3",15726.5
"g3",15814.5
"g3",15843.5
"g3",15852
"g3",15874.5
"g3",15910
"g3",15910
"g3",15964.5
"g3",15966.5
"g3",15981.5
"g3",16009.5
"g3",16020
"g3",16037.5
"g3",16045
"g3",16066
"g3",16070.5
"g3",16075
"g3",16113.5
"g3",16129.5
"g3",16130
"g3",16135
"g3",16138
"g3",16234
"g3",16237
"g3",16267.5
"g3",16273.5
"g3",16290.5
"g3",16295
"g3",16308.5
"g3",16336
"g3",16347.5
"g3",16350
"g3",16350
"g3",16350
"g3",16354.5
"g3",16376
"g3",16379.5
"g3",16392.5
"g3",16424.5
"g3",16448.5
"g3",16455.5
"g3",16500
"g3",16502
"g3",16543
"g3",16604
"g3",16668
"g3",16707.5
"g3",16733
"g3",16734.5
"g3",16748
"g3",16762
"g3",16776
"g3",16811.5
"g3",16842
"g3",16852
"g3",16892.5
"g3",16940.5
"g3",16984.5
"g3",16995
"g3",16995.5
"g3",17015
"g3",17025.5
"g3",17035.5
"g3",17039.5
"g3",17105.5
"g3",17107
"g3",17119.5
"g3",17133
"g3",17146.5
"g3",17174
"g3",17215.5
"g3",17217
"g3",17229
"g3",17256.5
"g3",17318
"g3",17325.5
"g3",17339.5
"g3",17373
"g3",17393.5
"g3",17397.5
"g3",17435
"g3",17440
"g3",17445.5
"g3",17462
"g3",17489
"g3",17524.5
"g3",17526
"g3",17545
"g3",17545
"g3",17559
"g3",17572.5
"g3",17615
"g3",17646
"g3",17648
"g3",17662.5
"g3",17724
"g3",17772
"g3",17775.5
"g3",17808
"g3",17839
"g3",17854
"g3",17854
"g3",17904.5
"g3",17914.5
"g3",17917.5
"g3",17920.5
"g3",17960.5
"g3",17971
"g3",17975
"g3",17986
"g3",17996.5
"g3",17997
"g3",17998.5
"g3",18012
"g3",18039.5
"g3",18053.5
"g3",18053.5
"g3",18067
"g3",18117.5
"g3",18125
"g3",18254.5
"g3",18269.5
"g3",18304.5
"g3",18383
"g3",18392
"g3",18438
"g3",18474
"g3",18500.5
"g3",18506.5
"g3",18530
"g3",18534
"g3",18556.5
"g3",18608
"g3",18631
"g3",18642.5
"g3",18644
"g3",18649
"g3",18732.5
"g3",18760.5
"g3",18768
"g3",18775
"g3",18784
"g3",18788.5
"g3",18837
"g3",18842.5
"g3",18850
"g3",18898
"g3",19074.5
"g3",19139.5
"g3",19139.5
"g3",19166.5
"g3",19180.5
"g3",19221.5
"g3",19243
"g3",19244
"g3",19254.5
"g3",19255
"g3",19276
"g3",19276
"g3",19295
"g3",19297
"g3",19317.5
"g3",19374
"g3",19382
"g3",19431
"g3",19472
"g3",19493
"g3",19504.5
"g3",19536
"g3",19550
"g3",19561
"g3",19633.5
"g3",19647.5
"g3",19674.5
"g3",19680.5
"g3",19688.5
"g3",19688.5
"g3",19730
"g3",19810
"g3",19813.5
"g3",19985
"g3",20030.5
"g3",20042
"g3",20059.5
"g3",20086.5
"g3",20086.5
"g3",20091.5
"g3",20100.5
"g3",20125.5
"g3",20148.5
"g3",20169
"g3",20196.5
"g3",20222.5
"g3",20223.5
"g3",20251.5
"g3",20251.5
"g3",20267.5
"g3",20293.5
"g3",20302.5
"g3",20394.5
"g3",20408.5
"g3",20416.5
"g3",20423.5
"g3",20426.5
"g3",20434.5
"g3",20471.5
"g3",20499
"g3",20526.5
"g3",20526.5
"g3",20657
"g3",20665.5
"g3",20667
"g3",20718.5
"g3",20744
"g3",20768
"g3",20772.5
"g3",20884.5
"g3",20928.5
"g3",20938.5
"g3",20938.5
"g3",20938.5
"g3",20963
"g3",20966.5
"g3",20984.5
"g3",20993.5
"g3",21032
"g3",21033.5
"g3",21045
"g3",21057.5
"g3",21067.5
"g3",21092
"g3",21121
"g3",21182.5
"g3",21199.5
"g3",21242
"g3",21250.5
"g3",21259
"g3",21287.5
"g3",21296
"g3",21312
"g3",21378.5
"g3",21391
"g3",21405.5
"g3",21410
"g3",21428.5
"g3",21519.5
"g3",21564
"g3",21606
"g3",21641
"g3",21642
"g3",21672.5
"g3",21691.5
"g3",21691.5
"g3",21696.5
"g3",21698.5
"g3",21703.5
"g3",21735.5
"g3",21749.5
"g3",21756
"g3",21770
"g3",21777
"g3",21777
"g3",21801.5
"g3",21832
"g3",21832.5
"g3",21833
"g3",21845.5
"g3",21881
"g3",21942
"g3",21958
"g3",21962.5
"g3",22018.5
"g3",22066
"g3",22069
"g3",22085.5
"g3",22125.5
"g3",22137
"g3",22161.5
"g3",22175.5
"g3",22185
"g3",22297
"g3",22307.5
"g3",22315
"g3",22463.5
"g3",22468
"g3",22491
"g3",22516
"g3",22628.5
"g3",22652.5
"g3",22655.5
"g3",22656
"g3",22656.5
"g3",22684.5
"g3",22697
"g3",22818
"g3",22841.5
"g3",22910
"g3",22958.5
"g3",22962
"g3",23033.5
"g3",23040.5
"g3",23054.5
"g3",23068
"g3",23082
"g3",23153
"g3",23169.5
"g3",23178
"g3",23182.5
"g3",23232
"g3",23243
"g3",23339
"g3",23354
"g3",23381.5
"g3",23408.5
"g3",23425.5
"g3",23439.5
"g3",23458.5
"g3",23466.5
"g3",23501
"g3",23507.5
"g3",23535.5
"g3",23571
"g3",23576.5
"g3",23577
"g3",23580.5
"g3",23597.5
"g3",23602.5
"g3",23619
"g3",23630
"g3",23645
"g3",23687.5
"g3",23701.5
"g3",23739.5
"g3",23824
"g3",23829
"g3",23865
"g3",23865
"g3",23865
"g3",23879
"g3",23961
"g3",24001.5
"g3",24013
"g3",24036
"g3",24064
"g3",24071
"g3",24108.5
"g3",24134
"g3",24137.5
"g3",24152
"g3",24190
"g3",24195.5
"g3",24217
"g3",24301.5
"g3",24305
"g3",24316
"g3",24322.5
"g3",24345.5
"g3",24348
"g3",24413.5
"g3",24446.5
"g3",24463
"g3",24483.5
"g3",24504
"g3",24513
"g3",24526.5
"g3",24558
"g3",24564
"g3",24576.5
"g3",24600
"g3",24607.5
"g3",24627.5
"g3",24628.5
"g3",24676
"g3",24703
"g3",24703
"g3",24744
"g3",24752.5
"g3",24795
"g3",24834
"g3",24909.5
"g3",24957
"g3",24968
"g3",24980.5
"g3",25127
"g3",25129
"g3",25129
"g3",25143
"g3",25143
"g3",25156.5
"g3",25175.5
"g3",25225
"g3",25225.5
"g3",25243.5
"g3",25292
"g3",25310.5
"g3",25332.5
"g3",25369.5
"g3",25392
"g3",25447.5
"g3",25451
"g3",25458
"g3",25508.5
"g3",25520.5
"g3",25530
"g3",25541.5
"g3",25553.5
"g3",25556.5
"g3",25611
"g3",25623.5
"g3",25706.5
"g3",25720
"g3",25824.5
"g3",25875.5
"g3",25882
"g3",25974.5
"g3",26047
"g3",26092.5
"g3",26110.5
"g3",26134.5
"g3",26139
"g3",26159.5
"g3",26174
"g3",26180.5
"g3",26190
"g3",26192
"g3",26242.5
"g3",26259.5
"g3",26302
"g3",26414
"g3",26434.5
"g3",26448
"g3",26537.5
"g3",26565
"g3",26576.5
"g3",26613
"g3",26655.5
"g3",26660
"g3",26780
"g3",26792
"g3",26812.5
"g3",26820.5
"g3",26832.5
"g3",26934.5
"g3",26941
"g3",27008.5
"g3",27011
"g3",27037.5
"g3",27058
"g3",27123
"g3",27132.5
"g3",27135
"g3",27176.5
"g3",27188.5
"g3",27197
"g3",27199.5
"g3",27229.5
"g3",27249
"g3",27285.5
"g3",27286
"g3",27315
"g3",27327
"g3",27369
"g3",27371.5
"g3",27380
"g3",27478.5
"g3",27507.5
"g3",27509
"g3",27514
"g3",27514
"g3",27534.5
"g3",27550
"g3",27616
"g3",27629
"g3",27634.5
"g3",27684.5
"g3",27685.5
"g3",27727
"g3",27829
"g3",27858
"g3",27910.5
"g3",27936
"g3",27939
"g3",27947
"g3",27953
"g3",28014.5
"g3",28043.5
"g3",28069.5
"g3",28083.5
"g3",28097
"g3",28110
"g3",28124.5
"g3",28146
"g3",28240
"g3",28258.5
"g3",28303
"g3",28315
"g3",28358.5
"g3",28378.5
"g3",28440.5
"g3",28440.5
"g3",28454
"g3",28467.5
"g3",28467.5
"g3",28501
"g3",28517.5
"g3",28531
"g3",28533.5
"g3",28578
"g3",28608
"g3",28671
"g3",28681
"g3",28687.5
"g3",28703
"g3",28738.5
"g3",28804
"g3",28811.5
"g3",28848.5
"g3",28958
"g3",28984
"g3",29079
"g3",29113.5
"g3",29120
"g3",29128
"g3",29159
"g3",29179.5
"g3",29189
"g3",29212.5
"g3",29254
"g3",29263
"g3",29308.5
"g3",29319.5
"g3",29326.5
"g3",29333.5
"g3",29333.5
"g3",29346
"g3",29354
"g3",29375
"g3",29417
"g3",29498.5
"g3",29517
"g3",29546
"g3",29627.5
"g3",29670
"g3",29704.5
"g3",29774.5
"g3",29814.5
"g3",29873.5
"g3",29907.5
"g3",29917.5
"g3",29945.5
"g3",29961
"g3",29968.5
"g3",30052
"g3",30084.5
"g3",30126
"g3",30158
"g3",30185.5
"g3",30210
"g3",30240.5
"g3",30326.5
"g3",30346.5
"g3",30409.5
"g3",30449
"g3",30454.5
"g3",30542
"g3",30633.5
"g3",30687
"g3",30704.5
"g3",30711.5
"g3",30774
"g3",30818.5
"g3",30941
"g3",30977.5
"g3",30987
"g3",30996.5
"g3",31016.5
"g3",31042.5
"g3",31060.5
"g3",31063.5
"g3",31065
"g3",31085
"g3",31105.5
"g3",31120
"g3",31147
"g3",31205
"g3",31209.5
"g3",31229.5
"g3",31270
"g3",31279.5
"g3",31281
"g3",31326
"g3",31377.5
"g3",31394.5
"g3",31408
"g3",31421.5
"g3",31421.5
"g3",31513.5
"g3",31525
"g3",31566
"g3",31576
"g3",31620
"g3",31655
"g3",31678.5
"g3",31800
"g3",31820
"g3",31842.5
"g3",31847.5
"g3",31859
"g3",31861.5
"g3",31901
"g3",31959.5
"g3",31972
"g3",31972.5
"g3",31985
"g3",32011
"g3",32031.5
"g3",32085
"g3",32162
"g3",32190.5
"g3",32191
"g3",32191.5
"g3",32263
"g3",32265
"g3",32356.5
"g3",32606
"g3",32624.5
"g3",32632.5
"g3",32672
"g3",32686
"g3",32699.5
"g3",32752
"g3",32767.5
"g3",32795.5
"g3",32836
"g3",32836.5
"g3",32837
"g3",32982.5
"g3",33004.5
"g3",33033
"g3",33036
"g3",33064
"g3",33112
"g3",33112
"g3",33119.5
"g3",33166.5
"g3",33209
"g3",33212
"g3",33222.5
"g3",33243.5
"g3",33254.5
"g3",33278
"g3",33398
"g3",33406.5
"g3",33476
"g3",33482.5
"g3",33508.5
"g3",33531.5
"g3",33534
"g3",33541
"g3",33579
"g3",33581.5
"g3",33589.5
"g3",33603
"g3",33609
"g3",33627
"g3",33633
"g3",33660
"g3",33730
"g3",33743.5
"g3",33765
"g3",33786
"g3",33821.5
"g3",33888
"g3",33929.5
"g3",33930
"g3",33949.5
"g3",33949.5
"g3",33998.5
"g3",34032
"g3",34059.5
"g3",34135.5
"g3",34145
"g3",34160
"g3",34173.5
"g3",34186
"g3",34187.5
"g3",34321
"g3",34329.5
"g3",34338.5
"g3",34355
"g3",34416.5
"g3",34425.5
"g3",34467.5
"g3",34595.5
"g3",34732.5
"g3",34749.5
"g3",34760.5
"g3",34791.5
"g3",34815.5
"g3",34870.5
"g3",34878.5
"g3",34960
"g3",34980.5
"g3",35023
"g3",35041.5
"g3",35042
"g3",35120
"g3",35148
"g3",35234
"g3",35249.5
"g3",35268.5
"g3",35286.5
"g3",35290.5
"g3",35295.5
"g3",35324
"g3",35516.5
"g3",35542
"g3",35585
"g3",35620.5
"g3",35692
"g3",35742.5
"g3",35790.5
"g3",35814.5
"g3",35823.5
"g3",35834.5
"g3",35858.5
"g3",35887.5
"g3",35897
"g3",35929
"g3",35940.5
"g3",35956
"g3",36051
"g3",36238
"g3",36312
"g3",36313.5
"g3",36377.5
"g3",36388.5
"g3",36462.5
"g3",36499.5
"g3",36505
"g3",36582.5
"g3",36619.5
"g3",36699.5
"g3",36718
"g3",36740.5
"g3",36755.5
"g3",36764.5
"g3",36766.5
"g3",36823.5
"g3",36854
"g3",36986
"g3",37022.5
"g3",37109
"g3",37111.5
"g3",37153.5
"g3",37234
"g3",37315.5
"g3",37467.5
"g3",37517.5
"g3",37528.5
"g3",37604.5
"g3",37644.5
"g3",37770.5
"g3",37802.5
"g3",37892
"g3",37943
"g3",38007
"g3",38101
"g3",38116.5
"g3",38156
"g3",38168
"g3",38175.5
"g3",38201
"g3",38280.5
"g3",38312
"g3",38342.5
"g3",38346.5
"g3",38349
"g3",38354
"g3",38382.5
"g3",38406
"g3",38435.5
"g3",38481
"g3",38655.5
"g3",38670.5
"g3",38677
"g3",38687
"g3",38697
"g3",38725.5
"g3",38751.5
"g3",38751.5
"g3",38754.5
"g3",38797
"g3",38848
"g3",38897.5
"g3",38923
"g3",38923.5
"g3",39013
"g3",39058.5
"g3",39115.5
"g3",39228
"g3",39232
"g3",39252
"g3",39254.5
"g3",39313.5
"g3",39353.5
"g3",39373
"g3",39390.5
"g3",39411
"g3",39431.5
"g3",39442.5
"g3",39460
"g3",39501
"g3",39524.5
"g3",39543
"g3",39589.5
"g3",39596.5
"g3",39610.5
"g3",39695.5
"g3",39762
"g3",39762
"g3",39768.5
"g3",39789
"g3",39865.5
"g3",39880
"g3",39887.5
"g3",39935.5
"g3",40043
"g3",40194
"g3",40215
"g3",40291
"g3",40300
"g3",40358.5
"g3",40489
"g3",40562.5
"g3",40635
"g3",40645.5
"g3",40698
"g3",40865
"g3",40883.5
"g3",40905
"g3",40926.5
"g3",40929.5
"g3",41022.5
"g3",41028
"g3",41039.5
"g3",41063.5
"g3",41303.5
"g3",41334
"g3",41363.5
"g3",41383.5
"g3",41437.5
"g3",41438.5
"g3",41494
"g3",41534
"g3",41541.5
"g3",41616.5
"g3",41756
"g3",41925
"g3",41997.5
"g3",42042
"g3",42056.5
"g3",42063
"g3",42107.5
"g3",42138
"g3",42145
"g3",42167.5
"g3",42216.5
"g3",42330.5
"g3",42756.5
"g3",42885.5
"g3",42948
"g3",43013.5
"g3",43085.5
"g3",43144
"g3",43155
"g3",43175.5
"g3",43257
"g3",43531
"g3",43697.5
"g3",43698.5
"g3",43732
"g3",43836.5
"g3",43856
"g3",43878.5
"g3",43903.5
"g3",43970.5
"g3",43979.5
"g3",44020.5
"g3",44117
"g3",44171.5
"g3",44176
"g3",44185.5
"g3",44187
"g3",44192.5
"g3",44254.5
"g3",44258
"g3",44378
"g3",44423
"g3",44456.5
"g3",44492
"g3",44632
"g3",44652.5
"g3",44719
"g3",44843.5
"g3",44874
"g3",45061
"g3",45095
"g3",45305
"g3",45381.5
"g3",45614.5
"g3",45911.5
"g3",46156
"g3",46178
"g3",46306.5
"g3",46308
"g3",46568
"g3",46584.5
"g3",46591.5
"g3",46716
"g3",46784
"g3",46801.5
"g3",46869
"g3",46965
"g3",46972
"g3",46988.5
"g3",47055.5
"g3",47125.5
"g3",47252
"g3",47263
"g3",47295
"g3",47381
"g3",47414
"g3",47543.5
"g3",47599.5
"g3",47607
"g3",47632
"g3",47676
"g3",47709.5
"g3",47900.5
"g3",47908.5
"g3",47909.5
"g3",48086
"g3",48097.5
"g3",48201.5
"g3",48232
"g3",48504.5
"g3",48551
"g3",48569.5
"g3",48589
"g3",48597.5
"g3",48606
"g3",48652
"g3",48685
"g3",48718
"g3",48829.5
"g3",49116
"g3",49173.5
"g3",49312.5
"g3",49323
"g3",49324
"g3",49468.5
"g3",49638.5
"g3",49696
"g3",49717
"g3",49791.5
"g3",49907.5
"g3",50066
"g3",50268
"g3",50326
"g3",50441.5
"g3",50602
"g3",50838.5
"g3",50842.5
"g3",50847.5
"g3",50975.5
"g3",50987
"g3",51011
"g3",51093
"g3",51110
"g3",51166.5
"g3",51274.5
"g3",51411
"g3",51426.5
"g3",51466
"g3",51563.5
"g3",51567
"g3",51577.5
"g3",51582.5
"g3",51583.5
"g3",51584.5
"g3",51921
"g3",52295
"g3",52329.5
"g3",52445.5
"g3",52549
"g3",52589.5
"g3",52683
"g3",52835
"g3",52903.5
"g3",52965
"g3",53018
"g3",53049
"g3",53171
"g3",53417.5
"g3",53447
"g3",53511
"g3",53536.5
"g3",53630.5
"g3",53755
"g3",53862
"g3",53956
"g3",54163
"g3",54297
"g3",54308.5
"g3",54337.5
"g3",54407.5
"g3",54480
"g3",54593
"g3",54642
"g3",55602
"g3",55703.5
"g3",55719.5
"g3",55767.5
"g3",55781.5
"g3",55890
"g3",55923.5
"g3",56125
"g3",56253
"g3",56392
"g3",56594
"g3",57231
"g3",57760.5
"g3",57815
"g3",57944
"g3",58014.5
"g3",58172
"g3",58268
"g3",58435.5
"g3",58580.5
"g3",58613.5
"g3",58642
"g3",58679
"g3",59083
"g3",59150
"g3",59356.5
"g3",59443
"g3",59657.5
"g3",59672.5
"g3",59779.5
"g3",59910
"g3",60057
"g3",61071
"g3",61519.5
"g3",61726.5
"g3",62040.5
"g3",62199
"g3",62439
"g3",62446.5
"g3",63152
"g3",63675
"g3",63722.5
"g3",63762
"g3",64786.5
"g3",64904.5
"g3",65176.5
"g3",65498.5
"g3",66348.5
"g3",66497.5
"g3",66777.5
"g3",67205.5
"g3",67253.5
"g3",67265
"g3",67322
"g3",68187.5
"g3",68827
"g3",69355.5
"g3",69506.5
"g3",69933
"g3",70190
"g3",70311
"g3",70452
"g3",70502.5
"g3",71587.5
"g3",71590.5
"g3",72063.5
"g3",72205.5
"g3",72392
"g3",73375.5
"g3",73801.5
"g3",74014.5
"g3",75718
"g3",75930.5
"g3",76044.5
"g3",76267
"g3",76569.5
"g3",76569.5
"g3",76655
"g3",77187.5
"g3",78609.5
"g3",78699
"g3",79179.5
"g3",81680.5
"g3",81749
"g3",82106.5
"g3",82532.5
"g3",83512
"g3",83810.5
"g3",83810.5
"g3",83810.5
"g3",83810.5
"g3",83810.5
"g3",83810.5
"g3",83810.5
"g3",83810.5
"g3",83810.5
"g3",83810.5
"g3",83810.5
"g3",83810.5
"g2",886.5
"g2",949
"g2",1266.5
"g2",1701.5
"g2",1879.5
"g2",2102
"g2",2187.5
"g2",2194
"g2",2198
"g2",2455
"g2",2560
"g2",2738
"g2",2799
"g2",2954
"g2",3167.5
"g2",3437.5
"g2",3517
"g2",3524.5
"g2",3539.5
"g2",3549.5
"g2",3561.5
"g2",3562.5
"g2",3587.5
"g2",3589.5
"g2",3638.5
"g2",3723.5
"g2",3791
"g2",3803
"g2",3852.5
"g2",3855
"g2",3894
"g2",3899.5
"g2",3969.5
"g2",3992
"g2",4013
"g2",4060
"g2",4098.5
"g2",4222.5
"g2",4247.5
"g2",4261.5
"g2",4276
"g2",4345
"g2",4444.5
"g2",4582.5
"g2",4589
"g2",4591
"g2",4696.5
"g2",4703.5
"g2",4742.5
"g2",4761
"g2",4791
"g2",4837
"g2",4911.5
"g2",4914.5
"g2",4933
"g2",4981.5
"g2",4999
"g2",5004.5
"g2",5092.5
"g2",5106.5
"g2",5106.5
"g2",5236
"g2",5273
"g2",5280
"g2",5283.5
"g2",5304
"g2",5412
"g2",5419
"g2",5439.5
"g2",5471.5
"g2",5476.5
"g2",5496
"g2",5535
"g2",5557.5
"g2",5606
"g2",5606
"g2",5621
"g2",5625
"g2",5652.5
"g2",5659
"g2",5682.5
"g2",5738
"g2",5781.5
"g2",5843
"g2",5867
"g2",5867
"g2",5867
"g2",5869.5
"g2",5906
"g2",6038.5
"g2",6048.5
"g2",6072
"g2",6075.5
"g2",6186.5
"g2",6192
"g2",6210
"g2",6267.5
"g2",6334
"g2",6335
"g2",6348.5
"g2",6360
"g2",6399.5
"g2",6403
"g2",6430.5
"g2",6444.5
"g2",6490.5
"g2",6514
"g2",6529
"g2",6541.5
"g2",6609
"g2",6655
"g2",6661.5
"g2",6678
"g2",6691.5
"g2",6701.5
"g2",6755.5
"g2",6759.5
"g2",6759.5
"g2",6760.5
"g2",6761
"g2",6762.5
"g2",6770.5
"g2",6782
"g2",6793
"g2",6812
"g2",6854
"g2",6869.5
"g2",6886
"g2",6889.5
"g2",6904
"g2",6916.5
"g2",6924.5
"g2",6927.5
"g2",6946
"g2",6961
"g2",6994
"g2",7003
"g2",7006
"g2",7048
"g2",7117
"g2",7182.5
"g2",7209.5
"g2",7248
"g2",7253.5
"g2",7269
"g2",7302.5
"g2",7408
"g2",7409
"g2",7424
"g2",7474
"g2",7500.5
"g2",7515.5
"g2",7531.5
"g2",7538.5
"g2",7543
"g2",7556
"g2",7556.5
"g2",7569
"g2",7570.5
"g2",7597.5
"g2",7602.5
"g2",7613
"g2",7648.5
"g2",7663.5
"g2",7696.5
"g2",7716
"g2",7771.5
"g2",7841
"g2",7877.5
"g2",7914
"g2",7941
"g2",7941
"g2",7954.5
"g2",7955
"g2",7995
"g2",8052.5
"g2",8054
"g2",8089
"g2",8089.5
"g2",8093.5
"g2",8098.5
"g2",8119.5
"g2",8176
"g2",8244
"g2",8250.5
"g2",8312.5
"g2",8381
"g2",8381
"g2",8381
"g2",8403
"g2",8408
"g2",8484.5
"g2",8486
"g2",8508.5
"g2",8535.5
"g2",8643
"g2",8652
"g2",8672
"g2",8712
"g2",8744
"g2",8790
"g2",8797.5
"g2",8799
"g2",8807
"g2",8820.5
"g2",8833
"g2",8863.5
"g2",8903
"g2",8939.5
"g2",8946.5
"g2",8947
"g2",8978.5
"g2",8989
"g2",9020
"g2",9077.5
"g2",9099.5
"g2",9175.5
"g2",9181
"g2",9188
"g2",9189
"g2",9191.5
"g2",9205.5
"g2",9252.5
"g2",9257.5
"g2",9258.5
"g2",9276.5
"g2",9301
"g2",9318
"g2",9328.5
"g2",9330
"g2",9335
"g2",9336.5
"g2",9413.5
"g2",9473
"g2",9473.5
"g2",9480.5
"g2",9493
"g2",9497
"g2",9511
"g2",9562.5
"g2",9590
"g2",9590.5
"g2",9592.5
"g2",9613
"g2",9617.5
"g2",9624.5
"g2",9631
"g2",9631.5
"g2",9661
"g2",9690
"g2",9699.5
"g2",9734
"g2",9755
"g2",9831.5
"g2",9843
"g2",9851
"g2",9954.5
"g2",9969
"g2",10017
"g2",10050.5
"g2",10057
"g2",10057
"g2",10173
"g2",10245.5
"g2",10285.5
"g2",10301.5
"g2",10304
"g2",10325
"g2",10434
"g2",10453.5
"g2",10454.5
"g2",10469
"g2",10483
"g2",10491.5
"g2",10541
"g2",10583.5
"g2",10585
"g2",10607
"g2",10607
"g2",10658
"g2",10666.5
"g2",10711.5
"g2",10716.5
"g2",10741.5
"g2",10750.5
"g2",10758
"g2",10768
"g2",10839
"g2",10854
"g2",10881.5
"g2",10881.5
"g2",10895
"g2",10895
"g2",10922.5
"g2",10955
"g2",10964
"g2",10972.5
"g2",10996
"g2",11019
"g2",11031
"g2",11051.5
"g2",11065
"g2",11087.5
"g2",11094.5
"g2",11190
"g2",11222.5
"g2",11242
"g2",11261.5
"g2",11280
"g2",11283
"g2",11302.5
"g2",11307.5
"g2",11307.5
"g2",11309.5
"g2",11321
"g2",11326.5
"g2",11328
"g2",11335
"g2",11349
"g2",11377
"g2",11430
"g2",11446
"g2",11449
"g2",11457
"g2",11537.5
"g2",11548.5
"g2",11635
"g2",11637
"g2",11691
"g2",11692.5
"g2",11705.5
"g2",11719.5
"g2",11747
"g2",11768
"g2",11815.5
"g2",11825.5
"g2",11841.5
"g2",11857
"g2",11871
"g2",11897
"g2",12026
"g2",12117
"g2",12159.5
"g2",12159.5
"g2",12199.5
"g2",12280
"g2",12288
"g2",12344.5
"g2",12347
"g2",12358.5
"g2",12360
"g2",12363
"g2",12365.5
"g2",12447.5
"g2",12517
"g2",12519.5
"g2",12536.5
"g2",12544
"g2",12570
"g2",12571.5
"g2",12585.5
"g2",12614
"g2",12631.5
"g2",12639
"g2",12716
"g2",12761
"g2",12824
"g2",12906
"g2",12910.5
"g2",12992
"g2",12997.5
"g2",13024.5
"g2",13038.5
"g2",13038.5
"g2",13039
"g2",13044.5
"g2",13067.5
"g2",13096
"g2",13099.5
"g2",13134.5
"g2",13137.5
"g2",13152.5
"g2",13154.5
"g2",13165
"g2",13172
"g2",13218
"g2",13231.5
"g2",13241
"g2",13300.5
"g2",13338
"g2",13341
"g2",13344
"g2",13349
"g2",13382
"g2",13385.5
"g2",13390.5
"g2",13396
"g2",13396.5
"g2",13397.5
"g2",13416.5
"g2",13451
"g2",13464.5
"g2",13489.5
"g2",13492.5
"g2",13501
"g2",13513
"g2",13606
"g2",13631.5
"g2",13643
"g2",13670.5
"g2",13691
"g2",13725
"g2",13756
"g2",13794.5
"g2",13808
"g2",13810.5
"g2",13817
"g2",13817.5
"g2",13822
"g2",13826
"g2",13849.5
"g2",13855
"g2",13869
"g2",13888.5
"g2",13915
"g2",13931.5
"g2",13984.5
"g2",13987
"g2",14025
"g2",14028
"g2",14035
"g2",14055
"g2",14055.5
"g2",14167
"g2",14206.5
"g2",14206.5
"g2",14220.5
"g2",14234
"g2",14240.5
"g2",14242
"g2",14261
"g2",14275
"g2",14276.5
"g2",14290.5
"g2",14302.5
"g2",14305.5
"g2",14305.5
"g2",14341.5
"g2",14343.5
"g2",14343.5
"g2",14352.5
"g2",14358.5
"g2",14428.5
"g2",14445.5
"g2",14447
"g2",14454
"g2",14488.5
"g2",14496
"g2",14518.5
"g2",14518.5
"g2",14545
"g2",14547.5
"g2",14574.5
"g2",14604.5
"g2",14632.5
"g2",14649.5
"g2",14720
"g2",14726
"g2",14744
"g2",14747
"g2",14820.5
"g2",14830
"g2",14831.5
"g2",14839
"g2",14866
"g2",14874
"g2",14893.5
"g2",14896
"g2",14898
"g2",14929
"g2",14935.5
"g2",14976
"g2",15056.5
"g2",15058.5
"g2",15058.5
"g2",15085.5
"g2",15085.5
"g2",15106
"g2",15114.5
"g2",15119
"g2",15119.5
"g2",15120
"g2",15168
"g2",15173.5
"g2",15219.5
"g2",15271
"g2",15314
"g2",15352.5
"g2",15354
"g2",15363
"g2",15389.5
"g2",15447.5
"g2",15453.5
"g2",15469.5
"g2",15471.5
"g2",15479
"g2",15498
"g2",15498
"g2",15547.5
"g2",15576.5
"g2",15580
"g2",15594
"g2",15628.5
"g2",15632.5
"g2",15641.5
"g2",15654.5
"g2",15677
"g2",15689
"g2",15731.5
"g2",15742.5
"g2",15751.5
"g2",15763.5
"g2",15765.5
"g2",15785.5
"g2",15797
"g2",15834
"g2",15848.5
"g2",15875
"g2",15883
"g2",15896
"g2",15910
"g2",15913
"g2",15919.5
"g2",15922
"g2",15924
"g2",15930.5
"g2",15931.5
"g2",15979
"g2",16023.5
"g2",16036
"g2",16073.5
"g2",16076
"g2",16232
"g2",16247.5
"g2",16281.5
"g2",16307
"g2",16314.5
"g2",16316.5
"g2",16322
"g2",16322
"g2",16336
"g2",16377
"g2",16444
"g2",16485
"g2",16535
"g2",16549
"g2",16549
"g2",16615
"g2",16652
"g2",16678.5
"g2",16713.5
"g2",16729.5
"g2",16734.5
"g2",16734.5
"g2",16739
"g2",16748
"g2",16762
"g2",16776
"g2",16776
"g2",16777
"g2",16781
"g2",16847
"g2",16851
"g2",16864
"g2",16865.5
"g2",16882.5
"g2",16928
"g2",16945.5
"g2",16954.5
"g2",16990
"g2",16996.5
"g2",17001
"g2",17005
"g2",17025.5
"g2",17088.5
"g2",17092
"g2",17136.5
"g2",17146.5
"g2",17152
"g2",17156
"g2",17160.5
"g2",17160.5
"g2",17160.5
"g2",17166.5
"g2",17181
"g2",17186.5
"g2",17275
"g2",17300.5
"g2",17322.5
"g2",17413
"g2",17423
"g2",17449
"g2",17501
"g2",17508.5
"g2",17564
"g2",17584
"g2",17586.5
"g2",17586.5
"g2",17600
"g2",17600.5
"g2",17607
"g2",17613.5
"g2",17616.5
"g2",17620.5
"g2",17664.5
"g2",17669.5
"g2",17673
"g2",17690.5
"g2",17730
"g2",17746
"g2",17774.5
"g2",17778.5
"g2",17802
"g2",17826
"g2",17826.5
"g2",17842.5
"g2",17843.5
"g2",17863
"g2",17873
"g2",17907.5
"g2",17916
"g2",17998.5
"g2",17998.5
"g2",18007
"g2",18012.5
"g2",18013
"g2",18046.5
"g2",18059.5
"g2",18060
"g2",18074.5
"g2",18083.5
"g2",18107.5
"g2",18138.5
"g2",18207
"g2",18245
"g2",18276
"g2",18287.5
"g2",18292.5
"g2",18367.5
"g2",18371.5
"g2",18397
"g2",18418.5
"g2",18465.5
"g2",18479.5
"g2",18486.5
"g2",18506.5
"g2",18538.5
"g2",18551
"g2",18566
"g2",18582
"g2",18584
"g2",18610
"g2",18637.5
"g2",18653
"g2",18763.5
"g2",18771.5
"g2",18805.5
"g2",18807.5
"g2",18823
"g2",18832
"g2",18850
"g2",18850
"g2",18850
"g2",18856
"g2",18864
"g2",18912.5
"g2",18934.5
"g2",18975.5
"g2",18988.5
"g2",18997.5
"g2",19054
"g2",19081.5
"g2",19103
"g2",19112
"g2",19180.5
"g2",19207.5
"g2",19222
"g2",19247
"g2",19249
"g2",19249
"g2",19253.5
"g2",19262.5
"g2",19272.5
"g2",19276
"g2",19283
"g2",19310
"g2",19344.5
"g2",19347
"g2",19396
"g2",19396.5
"g2",19412
"g2",19427.5
"g2",19446.5
"g2",19485.5
"g2",19498
"g2",19510.5
"g2",19520.5
"g2",19526.5
"g2",19533
"g2",19561
"g2",19587
"g2",19647.5
"g2",19688.5
"g2",19688.5
"g2",19688.5
"g2",19737.5
"g2",19744.5
"g2",19834.5
"g2",19849.5
"g2",19885
"g2",19891.5
"g2",19912
"g2",19922
"g2",19935.5
"g2",19953
"g2",19980.5
"g2",20002.5
"g2",20086.5
"g2",20100.5
"g2",20122
"g2",20127.5
"g2",20128.5
"g2",20129.5
"g2",20155
"g2",20157
"g2",20158
"g2",20196.5
"g2",20217
"g2",20350
"g2",20353.5
"g2",20359
"g2",20375
"g2",20376
"g2",20416.5
"g2",20441
"g2",20457.5
"g2",20472
"g2",20482
"g2",20504.5
"g2",20506.5
"g2",20519
"g2",20553
"g2",20595
"g2",20620
"g2",20625.5
"g2",20636
"g2",20746.5
"g2",20748
"g2",20753.5
"g2",20774
"g2",20774
"g2",20809
"g2",20819
"g2",20861.5
"g2",20884
"g2",20911
"g2",20946.5
"g2",20952.5
"g2",21035
"g2",21036
"g2",21037.5
"g2",21091
"g2",21110.5
"g2",21113.5
"g2",21119
"g2",21150
"g2",21201.5
"g2",21220
"g2",21222
"g2",21241.5
"g2",21266
"g2",21321
"g2",21323.5
"g2",21351
"g2",21362
"g2",21364.5
"g2",21364.5
"g2",21378.5
"g2",21381.5
"g2",21419.5
"g2",21419.5
"g2",21436
"g2",21446.5
"g2",21458
"g2",21502.5
"g2",21511.5
"g2",21547.5
"g2",21600.5
"g2",21603.5
"g2",21722
"g2",21728
"g2",21756
"g2",21763
"g2",21763
"g2",21768
"g2",21784.5
"g2",21790.5
"g2",21790.5
"g2",21816.5
"g2",21818
"g2",21832.5
"g2",21833
"g2",21834
"g2",21845.5
"g2",21845.5
"g2",21922.5
"g2",21980.5
"g2",21999.5
"g2",22018.5
"g2",22051.5
"g2",22106.5
"g2",22189
"g2",22197.5
"g2",22232
"g2",22236.5
"g2",22244
"g2",22245.5
"g2",22271
"g2",22271
"g2",22305.5
"g2",22312
"g2",22316
"g2",22352.5
"g2",22491.5
"g2",22498.5
"g2",22511.5
"g2",22532.5
"g2",22546.5
"g2",22573.5
"g2",22594.5
"g2",22598
"g2",22604.5
"g2",22610
"g2",22615
"g2",22642
"g2",22651
"g2",22670
"g2",22697.5
"g2",22705.5
"g2",22711.5
"g2",22714
"g2",22750.5
"g2",22825
"g2",22825
"g2",22857
"g2",22859.5
"g2",22903.5
"g2",22978
"g2",22991.5
"g2",23013.5
"g2",23067
"g2",23068
"g2",23082.5
"g2",23089
"g2",23128
"g2",23135
"g2",23177
"g2",23210.5
"g2",23259.5
"g2",23260.5
"g2",23281.5
"g2",23293.5
"g2",23310
"g2",23393.5
"g2",23396.5
"g2",23398.5
"g2",23405
"g2",23432
"g2",23436
"g2",23446.5
"g2",23453
"g2",23480.5
"g2",23480.5
"g2",23521.5
"g2",23526
"g2",23527.5
"g2",23542
"g2",23645.5
"g2",23669.5
"g2",23728
"g2",23730.5
"g2",23734.5
"g2",23744
"g2",23757.5
"g2",23794.5
"g2",23804
"g2",23804
"g2",23818
"g2",23844.5
"g2",23851.5
"g2",23864
"g2",23897
"g2",23906.5
"g2",23906.5
"g2",23920
"g2",23927
"g2",23937.5
"g2",23959.5
"g2",23996
"g2",23996.5
"g2",24052.5
"g2",24078
"g2",24080.5
"g2",24118
"g2",24210.5
"g2",24259
"g2",24265
"g2",24291
"g2",24291
"g2",24291
"g2",24291.5
"g2",24304
"g2",24305
"g2",24335
"g2",24346
"g2",24359.5
"g2",24373.5
"g2",24373.5
"g2",24396.5
"g2",24426
"g2",24439.5
"g2",24442
"g2",24461.5
"g2",24487.5
"g2",24497
"g2",24522.5
"g2",24530.5
"g2",24615.5
"g2",24652.5
"g2",24654
"g2",24676
"g2",24683.5
"g2",24689.5
"g2",24689.5
"g2",24703
"g2",24703.5
"g2",24711
"g2",24724
"g2",24728
"g2",24731
"g2",24744.5
"g2",24758
"g2",24758
"g2",24798
"g2",24825
"g2",24861
"g2",24869
"g2",24916
"g2",24937
"g2",24949.5
"g2",24971.5
"g2",24979
"g2",24986.5
"g2",25015.5
"g2",25018.5
"g2",25024
"g2",25032
"g2",25043.5
"g2",25055
"g2",25064
"g2",25064.5
"g2",25091.5
"g2",25102.5
"g2",25119.5
"g2",25135.5
"g2",25170
"g2",25176
"g2",25194
"g2",25218.5
"g2",25230.5
"g2",25233.5
"g2",25241.5
"g2",25304
"g2",25328.5
"g2",25352
"g2",25409.5
"g2",25442
"g2",25445.5
"g2",25465.5
"g2",25521.5
"g2",25541.5
"g2",25541.5
"g2",25555
"g2",25623.5
"g2",25654
"g2",25678.5
"g2",25695
"g2",25710
"g2",25724
"g2",25768
"g2",25771
"g2",25790.5
"g2",25838
"g2",25848.5
"g2",25865.5
"g2",25865.5
"g2",25870
"g2",25871
"g2",25874
"g2",25885
"g2",25929
"g2",25940
"g2",25965
"g2",25967.5
"g2",25972.5
"g2",25998.5
"g2",26016
"g2",26027
"g2",26029
"g2",26036.5
"g2",26041
"g2",26041
"g2",26043.5
"g2",26051
"g2",26071.5
"g2",26084.5
"g2",26096
"g2",26104.5
"g2",26137.5
"g2",26186.5
"g2",26206.5
"g2",26245.5
"g2",26345.5
"g2",26357
"g2",26379.5
"g2",26406.5
"g2",26429
"g2",26449.5
"g2",26503
"g2",26511.5
"g2",26514
"g2",26517.5
"g2",26524.5
"g2",26574
"g2",26588.5
"g2",26633.5
"g2",26652.5
"g2",26658
"g2",26706.5
"g2",26716.5
"g2",26777.5
"g2",26805
"g2",26805
"g2",26819
"g2",26832.5
"g2",26838
"g2",26861
"g2",26871
"g2",26876
"g2",26881
"g2",26924
"g2",27027
"g2",27032
"g2",27032.5
"g2",27113.5
"g2",27176.5
"g2",27204
"g2",27215.5
"g2",27215.5
"g2",27245
"g2",27451
"g2",27529.5
"g2",27533.5
"g2",27537.5
"g2",27574.5
"g2",27577.5
"g2",27598.5
"g2",27602.5
"g2",27609.5
"g2",27627
"g2",27634.5
"g2",27779
"g2",27842.5
"g2",27864
"g2",27867
"g2",27904.5
"g2",27906
"g2",27945
"g2",28032
"g2",28070
"g2",28076
"g2",28094
"g2",28095.5
"g2",28097
"g2",28116
"g2",28124
"g2",28146.5
"g2",28149
"g2",28156
"g2",28187.5
"g2",28221.5
"g2",28225.5
"g2",28325
"g2",28328
"g2",28330
"g2",28430.5
"g2",28440.5
"g2",28483
"g2",28509
"g2",28518
"g2",28536
"g2",28538
"g2",28577.5
"g2",28611.5
"g2",28631
"g2",28691
"g2",28714
"g2",28729
"g2",28748.5
"g2",28751.5
"g2",28756.5
"g2",28758.5
"g2",28852.5
"g2",28853
"g2",28862
"g2",28880
"g2",28887.5
"g2",28907.5
"g2",28939.5
"g2",28962
"g2",28962
"g2",28977.5
"g2",29067
"g2",29127.5
"g2",29149
"g2",29181.5
"g2",29239
"g2",29307.5
"g2",29319.5
"g2",29333.5
"g2",29335
"g2",29336
"g2",29347
"g2",29354
"g2",29384.5
"g2",29402
"g2",29429
"g2",29445
"g2",29451
"g2",29465
"g2",29465.5
"g2",29484.5
"g2",29488.5
"g2",29512
"g2",29524.5
"g2",29546.5
"g2",29565.5
"g2",29575
"g2",29587.5
"g2",29598.5
"g2",29710
"g2",29725
"g2",29745.5
"g2",29773
"g2",29785
"g2",29795
"g2",29800.5
"g2",29800.5
"g2",29884
"g2",29922
"g2",29952.5
"g2",29966.5
"g2",29994.5
"g2",30017.5
"g2",30083
"g2",30089.5
"g2",30137.5
"g2",30175.5
"g2",30178
"g2",30199
"g2",30290
"g2",30308
"g2",30328.5
"g2",30329.5
"g2",30353
"g2",30357
"g2",30363.5
"g2",30366.5
"g2",30371
"g2",30512
"g2",30542
"g2",30551
"g2",30584
"g2",30611.5
"g2",30696.5
"g2",30697.5
"g2",30725.5
"g2",30771.5
"g2",30889
"g2",30892.5
"g2",30904.5
"g2",30925.5
"g2",30989.5
"g2",31051
"g2",31111
"g2",31123.5
"g2",31221.5
"g2",31262
"g2",31275
"g2",31367
"g2",31376.5
"g2",31394.5
"g2",31408
"g2",31414.5
"g2",31547
"g2",31573
"g2",31697.5
"g2",31730
"g2",31736
"g2",31809
"g2",31818
"g2",31829.5
"g2",31849
"g2",31850
"g2",32033
"g2",32047
"g2",32128
"g2",32156.5
"g2",32169
"g2",32233.5
"g2",32235
"g2",32271.5
"g2",32281
"g2",32317.5
"g2",32367.5
"g2",32376
"g2",32467.5
"g2",32490.5
"g2",32540.5
"g2",32558
"g2",32578
"g2",32600.5
"g2",32631
"g2",32697
"g2",32699.5
"g2",32713.5
"g2",32728.5
"g2",32788.5
"g2",32810.5
"g2",32823.5
"g2",32846
"g2",32860.5
"g2",32999.5
"g2",32999.5
"g2",33002.5
"g2",33019
"g2",33044.5
"g2",33097
"g2",33121.5
"g2",33211.5
"g2",33224.5
"g2",33362.5
"g2",33395.5
"g2",33448.5
"g2",33455.5
"g2",33461
"g2",33471
"g2",33497
"g2",33512
"g2",33540
"g2",33542
"g2",33565.5
"g2",33580
"g2",33608.5
"g2",33619
"g2",33661.5
"g2",33676.5
"g2",33688
"g2",33691.5
"g2",33706.5
"g2",33764.5
"g2",33800
"g2",33807.5
"g2",33826.5
"g2",33895
"g2",34214
"g2",34224.5
"g2",34225
"g2",34278
"g2",34307
"g2",34307
"g2",34348.5
"g2",34375.5
"g2",34403
"g2",34415.5
"g2",34458
"g2",34458.5
"g2",34569
"g2",34574.5
"g2",34604.5
"g2",34617
"g2",34650
"g2",34655
"g2",34659
"g2",34764
"g2",34824
"g2",34903.5
"g2",34970.5
"g2",34972.5
"g2",34987.5
"g2",35002
"g2",35068.5
"g2",35077
"g2",35082.5
"g2",35140
"g2",35220.5
"g2",35270
"g2",35328.5
"g2",35377
"g2",35403
"g2",35404.5
"g2",35461.5
"g2",35516.5
"g2",35537
"g2",35555
"g2",35587
"g2",35621
"g2",35626
"g2",35629.5
"g2",35770.5
"g2",35779.5
"g2",35807.5
"g2",35873.5
"g2",35927.5
"g2",35968.5
"g2",35969.5
"g2",36012
"g2",36142
"g2",36142.5
"g2",36155.5
"g2",36163
"g2",36214.5
"g2",36247
"g2",36263.5
"g2",36288.5
"g2",36307
"g2",36324
"g2",36368
"g2",36408
"g2",36423
"g2",36436.5
"g2",36477.5
"g2",36482
"g2",36547.5
"g2",36549.5
"g2",36574
"g2",36592
"g2",36613
"g2",36710
"g2",36821.5
"g2",36835
"g2",36947.5
"g2",37021
"g2",37167
"g2",37372.5
"g2",37419.5
"g2",37578.5
"g2",37604.5
"g2",37607.5
"g2",37646
"g2",37705.5
"g2",37750
"g2",37854.5
"g2",37902
"g2",37995
"g2",38010
"g2",38126.5
"g2",38187
"g2",38203
"g2",38222.5
"g2",38284.5
"g2",38331.5
"g2",38377
"g2",38402
"g2",38497.5
"g2",38512
"g2",38538.5
"g2",38552.5
"g2",38581.5
"g2",38605
"g2",38620.5
"g2",38658
"g2",38688
"g2",38745.5
"g2",38770
"g2",38794
"g2",38880
"g2",38923.5
"g2",38950.5
"g2",38978.5
"g2",39115.5
"g2",39151
"g2",39154.5
"g2",39259
"g2",39455
"g2",39527.5
"g2",39528
"g2",39530.5
"g2",39602
"g2",39610.5
"g2",39686
"g2",39698
"g2",39723.5
"g2",39760
"g2",39795
"g2",39797.5
"g2",39880.5
"g2",39897.5
"g2",39908
"g2",39940.5
"g2",39992.5
"g2",40107.5
"g2",40132.5
"g2",40211.5
"g2",40215
"g2",40264
"g2",40292
"g2",40428
"g2",40503.5
"g2",40546
"g2",40611
"g2",40642
"g2",40657.5
"g2",40668
"g2",40682
"g2",40682
"g2",40690
"g2",40727
"g2",40807.5
"g2",40847
"g2",40933.5
"g2",41140
"g2",41163
"g2",41179.5
"g2",41313.5
"g2",41410
"g2",41497
"g2",41630
"g2",41736
"g2",41892.5
"g2",42070
"g2",42085.5
"g2",42104.5
"g2",42164.5
"g2",42194
"g2",42208
"g2",42221
"g2",42559.5
"g2",42735
"g2",42743
"g2",42806
"g2",42814.5
"g2",43141
"g2",43141
"g2",43147.5
"g2",43211
"g2",43265
"g2",43279
"g2",43288.5
"g2",43326
"g2",43326
"g2",43368
"g2",43492
"g2",43540
"g2",43549.5
"g2",43567
"g2",43663
"g2",43794
"g2",43883
"g2",43965.5
"g2",44024
"g2",44073
"g2",44082
"g2",44089.5
"g2",44335.5
"g2",44419
"g2",44518
"g2",44524
"g2",44614
"g2",44790
"g2",44804
"g2",44807
"g2",44859
"g2",44888
"g2",44894.5
"g2",45023.5
"g2",45026.5
"g2",45138.5
"g2",45440.5
"g2",45550.5
"g2",45669.5
"g2",45687
"g2",45710.5
"g2",45911
"g2",46026.5
"g2",46175.5
"g2",46199.5
"g2",46347
"g2",46352
"g2",46397.5
"g2",46421.5
"g2",46462
"g2",46601
"g2",46644.5
"g2",46708.5
"g2",46819
"g2",46938.5
"g2",46947
"g2",47285
"g2",47362.5
"g2",47545.5
"g2",47668.5
"g2",47688.5
"g2",47691.5
"g2",47738.5
"g2",47779
"g2",47854
"g2",47909
"g2",47945.5
"g2",48067
"g2",48068
"g2",48086.5
"g2",48170
"g2",48183.5
"g2",48296.5
"g2",48393
"g2",48404
"g2",48462.5
"g2",48524
"g2",48606
"g2",48776
"g2",48907
"g2",48954.5
"g2",48995
"g2",49024.5
"g2",49070.5
"g2",49099.5
"g2",49132
"g2",49274.5
"g2",49322
"g2",49519
"g2",49667.5
"g2",49708
"g2",49708
"g2",49712
"g2",49738.5
"g2",49878.5
"g2",50061.5
"g2",50220
"g2",50549
"g2",50618
"g2",50629
"g2",50650
"g2",50860.5
"g2",51154.5
"g2",51166
"g2",51442
"g2",51512.5
"g2",51536
"g2",51613
"g2",51645.5
"g2",51756
"g2",51761.5
"g2",51762.5
"g2",52036
"g2",52278.5
"g2",52336.5
"g2",52339.5
"g2",52375
"g2",52555.5
"g2",52999.5
"g2",53023.5
"g2",53031.5
"g2",53066
"g2",53145.5
"g2",53253.5
"g2",53292
"g2",53526
"g2",53727
"g2",53760
"g2",53804
"g2",54000.5
"g2",54005
"g2",54105.5
"g2",54120
"g2",54192
"g2",54369
"g2",54431.5
"g2",54456
"g2",54508.5
"g2",54544.5
"g2",54648
"g2",55142.5
"g2",55322
"g2",55349
"g2",55438
"g2",55548
"g2",55740.5
"g2",55889.5
"g2",56379
"g2",56452
"g2",56701.5
"g2",57168
"g2",57355.5
"g2",57828.5
"g2",57854
"g2",57857.5
"g2",58171
"g2",58250.5
"g2",58422
"g2",58744
"g2",58858.5
"g2",59071.5
"g2",59162
"g2",59925
"g2",60265
"g2",60314.5
"g2",60385.5
"g2",60598.5
"g2",60659
"g2",60727.5
"g2",61085
"g2",61804.5
"g2",61991.5
"g2",62325
"g2",62401.5
"g2",62872.5
"g2",63022
"g2",63200
"g2",63421
"g2",63677.5
"g2",63684.5
"g2",63736
"g2",63849
"g2",63887
"g2",63954
"g2",64918
"g2",67206
"g2",67391.5
"g2",68515
"g2",69163
"g2",69193
"g2",70314.5
"g2",71033
"g2",71269.5
"g2",73505
"g2",73505
"g2",73742
"g2",73903.5
"g2",73917.5
"g2",74014.5
"g2",74447
"g2",74634.5
"g2",75154
"g2",76868
"g2",79125
"g2",79636
"g2",81543
"g2",82161.5
"g2",82617.5
"g2",83810.5
"g2",83810.5
"g2",83810.5
"g2",83810.5
"g2",83810.5
"g2",83810.5
"g2",83810.5
"g2",83810.5
"g1",332.5
"g1",857.5
"g1",1208
"g1",1366
"g1",1662.5
"g1",1787
"g1",2155.5
"g1",2180
"g1",2222
"g1",2351
"g1",2571.5
"g1",2572.5
"g1",2810.5
"g1",2813
"g1",2851.5
"g1",2869
"g1",3113
"g1",3380
"g1",3390.5
"g1",3473.5
"g1",3515.5
"g1",3569.5
"g1",3726
"g1",3844.5
"g1",3861
"g1",3882
"g1",4012
"g1",4044
"g1",4062.5
"g1",4069
"g1",4077.5
"g1",4086
"g1",4136
"g1",4171
"g1",4223.5
"g1",4235.5
"g1",4386
"g1",4456.5
"g1",4492.5
"g1",4550
"g1",4619
"g1",4621
"g1",4634.5
"g1",4769.5
"g1",4781.5
"g1",4857.5
"g1",4880.5
"g1",4896
"g1",4955.5
"g1",5042.5
"g1",5064.5
"g1",5114
"g1",5124.5
"g1",5146
"g1",5202
"g1",5205
"g1",5221.5
"g1",5264.5
"g1",5288.5
"g1",5298
"g1",5394
"g1",5496
"g1",5607.5
"g1",5618
"g1",5630
"g1",5647
"g1",5652.5
"g1",5722
"g1",5729.5
"g1",5752.5
"g1",5780.5
"g1",5813.5
"g1",5825
"g1",5825.5
"g1",5834
"g1",5865.5
"g1",5867
"g1",5880
"g1",5888.5
"g1",5930
"g1",5935
"g1",5947.5
"g1",6018
"g1",6045
"g1",6065.5
"g1",6101
"g1",6123
"g1",6234
"g1",6271
"g1",6287.5
"g1",6329.5
"g1",6387.5
"g1",6389
"g1",6433.5
"g1",6466.5
"g1",6513.5
"g1",6514.5
"g1",6519.5
"g1",6543
"g1",6572
"g1",6576
"g1",6622.5
"g1",6625
"g1",6676
"g1",6678
"g1",6680.5
"g1",6772.5
"g1",6791
"g1",6867
"g1",6876.5
"g1",6880.5
"g1",6892
"g1",6922.5
"g1",6943
"g1",6952.5
"g1",6990
"g1",7025
"g1",7076
"g1",7103.5
"g1",7185.5
"g1",7191
"g1",7268
"g1",7301.5
"g1",7449
"g1",7474.5
"g1",7495.5
"g1",7515.5
"g1",7527
"g1",7568.5
"g1",7630
"g1",7638
"g1",7683.5
"g1",7688.5
"g1",7750.5
"g1",7792.5
"g1",7838
"g1",7849
"g1",7884.5
"g1",7934.5
"g1",7941
"g1",7941
"g1",7955
"g1",7955
"g1",8000
"g1",8117
"g1",8128
"g1",8162.5
"g1",8174.5
"g1",8288
"g1",8297
"g1",8318
"g1",8367.5
"g1",8377.5
"g1",8447
"g1",8455.5
"g1",8458
"g1",8587
"g1",8614.5
"g1",8617
"g1",8622.5
"g1",8630.5
"g1",8632.5
"g1",8763
"g1",8805.5
"g1",8814
"g1",8815.5
"g1",8875.5
"g1",8894.5
"g1",8926
"g1",8950.5
"g1",8957.5
"g1",9032.5
"g1",9077.5
"g1",9103.5
"g1",9112
"g1",9113.5
"g1",9137.5
"g1",9162
"g1",9226
"g1",9242.5
"g1",9258.5
"g1",9297
"g1",9305
"g1",9412
"g1",9413.5
"g1",9469
"g1",9475
"g1",9487
"g1",9590
"g1",9590
"g1",9614.5
"g1",9631.5
"g1",9633
"g1",9643.5
"g1",9672.5
"g1",9687.5
"g1",9744
"g1",9768.5
"g1",9784
"g1",9874
"g1",9880
"g1",9923.5
"g1",9935
"g1",9955
"g1",9960
"g1",9963
"g1",10014.5
"g1",10022.5
"g1",10032.5
"g1",10043.5
"g1",10056
"g1",10065
"g1",10069
"g1",10121
"g1",10269
"g1",10270
"g1",10335
"g1",10428
"g1",10442
"g1",10449
"g1",10483
"g1",10508
"g1",10510.5
"g1",10515
"g1",10562.5
"g1",10669.5
"g1",10698
"g1",10716.5
"g1",10785.5
"g1",10792
"g1",10798
"g1",10799.5
"g1",10848
"g1",10858
"g1",10909
"g1",10922.5
"g1",10928.5
"g1",10943
"g1",11060
"g1",11078
"g1",11089
"g1",11110
"g1",11129
"g1",11147.5
"g1",11150.5
"g1",11175.5
"g1",11182
"g1",11196.5
"g1",11249.5
"g1",11274
"g1",11307.5
"g1",11335
"g1",11340
"g1",11354
"g1",11358.5
"g1",11362
"g1",11393
"g1",11429.5
"g1",11431
"g1",11465.5
"g1",11541
"g1",11601
"g1",11627
"g1",11678.5
"g1",11706.5
"g1",11796
"g1",11815.5
"g1",11856.5
"g1",11900.5
"g1",11910
"g1",11932.5
"g1",11946
"g1",11952.5
"g1",11953.5
"g1",11966.5
"g1",11980.5
"g1",12029.5
"g1",12040.5
"g1",12053
"g1",12059.5
"g1",12102.5
"g1",12117.5
"g1",12131
"g1",12148
"g1",12159.5
"g1",12166
"g1",12173
"g1",12184
"g1",12224.5
"g1",12236
"g1",12272
"g1",12310.5
"g1",12326
"g1",12344.5
"g1",12394
"g1",12403
"g1",12410
"g1",12472
"g1",12503
"g1",12505.5
"g1",12525.5
"g1",12553.5
"g1",12566
"g1",12571.5
"g1",12571.5
"g1",12584.5
"g1",12612.5
"g1",12612.5
"g1",12648.5
"g1",12680
"g1",12743.5
"g1",12764
"g1",12874.5
"g1",12899
"g1",12901.5
"g1",12909.5
"g1",12922.5
"g1",12924
"g1",12929
"g1",12949.5
"g1",12956
"g1",12970
"g1",12980
"g1",12983.5
"g1",12983.5
"g1",12983.5
"g1",12997.5
"g1",12998
"g1",13003.5
"g1",13016.5
"g1",13026.5
"g1",13034
"g1",13037.5
"g1",13066
"g1",13085
"g1",13102
"g1",13128.5
"g1",13233.5
"g1",13254
"g1",13290.5
"g1",13319.5
"g1",13344.5
"g1",13356.5
"g1",13382
"g1",13402
"g1",13423
"g1",13446.5
"g1",13464
"g1",13464.5
"g1",13481.5
"g1",13561
"g1",13597
"g1",13694
"g1",13736.5
"g1",13788
"g1",13808
"g1",13822
"g1",13835
"g1",13852
"g1",13865.5
"g1",13937.5
"g1",13949.5
"g1",14035
"g1",14097
"g1",14118.5
"g1",14134.5
"g1",14161
"g1",14167.5
"g1",14179
"g1",14220.5
"g1",14247.5
"g1",14247.5
"g1",14289
"g1",14297
"g1",14319
"g1",14361.5
"g1",14559
"g1",14591
"g1",14633.5
"g1",14639.5
"g1",14684
"g1",14716.5
"g1",14721.5
"g1",14729
"g1",14742
"g1",14753.5
"g1",14781
"g1",14948.5
"g1",15044.5
"g1",15062.5
"g1",15085.5
"g1",15085.5
"g1",15085.5
"g1",15085.5
"g1",15113
"g1",15117.5
"g1",15152
"g1",15193.5
"g1",15235
"g1",15271.5
"g1",15292.5
"g1",15356.5
"g1",15388.5
"g1",15401.5
"g1",15408.5
"g1",15415.5
"g1",15424
"g1",15484
"g1",15500.5
"g1",15612
"g1",15631
"g1",15678
"g1",15725.5
"g1",15767
"g1",15783
"g1",15870.5
"g1",15883
"g1",15910
"g1",15910
"g1",15931.5
"g1",15955.5
"g1",15964.5
"g1",16025.5
"g1",16033
"g1",16061
"g1",16089
"g1",16161
"g1",16174
"g1",16240
"g1",16245
"g1",16301.5
"g1",16366.5
"g1",16419
"g1",16474
"g1",16474.5
"g1",16479
"g1",16483
"g1",16486
"g1",16526
"g1",16579.5
"g1",16585
"g1",16632.5
"g1",16658.5
"g1",16709
"g1",16715.5
"g1",16789
"g1",16800.5
"g1",16803
"g1",16817
"g1",16869.5
"g1",16884.5
"g1",16932.5
"g1",16940
"g1",16947.5
"g1",16992
"g1",17009.5
"g1",17027.5
"g1",17043.5
"g1",17051
"g1",17051
"g1",17103.5
"g1",17146.5
"g1",17174
"g1",17219
"g1",17287
"g1",17411
"g1",17559
"g1",17572.5
"g1",17574.5
"g1",17583.5
"g1",17585
"g1",17603
"g1",17614.5
"g1",17651
"g1",17688
"g1",17696.5
"g1",17713
"g1",17719
"g1",17733
"g1",17754
"g1",17834
"g1",17849.5
"g1",17919
"g1",17937.5
"g1",17971
"g1",17980.5
"g1",17981.5
"g1",18030.5
"g1",18036
"g1",18103
"g1",18118
"g1",18163
"g1",18198
"g1",18211.5
"g1",18252
"g1",18272.5
"g1",18411
"g1",18417.5
"g1",18419
"g1",18452
"g1",18495.5
"g1",18504.5
"g1",18547
"g1",18577.5
"g1",18655
"g1",18689
"g1",18732.5
"g1",18754
"g1",18754.5
"g1",18759
"g1",18765
"g1",18795.5
"g1",18823
"g1",18848.5
"g1",18869.5
"g1",18919
"g1",18960.5
"g1",18974.5
"g1",19067.5
"g1",19077
"g1",19087.5
"g1",19099.5
"g1",19144.5
"g1",19285.5
"g1",19303.5
"g1",19426
"g1",19427
"g1",19446
"g1",19481.5
"g1",19511.5
"g1",19585
"g1",19633.5
"g1",19648
"g1",19687
"g1",19691
"g1",19703.5
"g1",19710
"g1",19798.5
"g1",19834.5
"g1",19835
"g1",19839.5
"g1",19845
"g1",19935
"g1",19958
"g1",19979.5
"g1",19991
"g1",20004.5
"g1",20023.5
"g1",20074.5
"g1",20087.5
"g1",20100.5
"g1",20100.5
"g1",20142
"g1",20149.5
"g1",20151
"g1",20221.5
"g1",20312
"g1",20439.5
"g1",20472
"g1",20497
"g1",20517
"g1",20519.5
"g1",20553.5
"g1",20630
"g1",20636
"g1",20638
"g1",20725.5
"g1",20732.5
"g1",20745
"g1",20776.5
"g1",20788
"g1",20806
"g1",20827.5
"g1",20843
"g1",20901.5
"g1",20911
"g1",20957
"g1",20973
"g1",20973
"g1",20977
"g1",20990
"g1",20993.5
"g1",20994.5
"g1",21008
"g1",21018
"g1",21058.5
"g1",21085
"g1",21160
"g1",21194
"g1",21232.5
"g1",21234.5
"g1",21243.5
"g1",21310
"g1",21323.5
"g1",21341.5
"g1",21376.5
"g1",21378.5
"g1",21384.5
"g1",21398
"g1",21401.5
"g1",21413
"g1",21414
"g1",21470.5
"g1",21601
"g1",21601
"g1",21607
"g1",21680.5
"g1",21694.5
"g1",21708.5
"g1",21771.5
"g1",21799
"g1",21803
"g1",21851.5
"g1",22005.5
"g1",22006
"g1",22118.5
"g1",22157
"g1",22161.5
"g1",22161.5
"g1",22175.5
"g1",22184
"g1",22185.5
"g1",22217
"g1",22257.5
"g1",22271
"g1",22276.5
"g1",22286
"g1",22334.5
"g1",22400
"g1",22469.5
"g1",22568
"g1",22619.5
"g1",22628.5
"g1",22877.5
"g1",22986
"g1",23180
"g1",23226.5
"g1",23246.5
"g1",23252
"g1",23283
"g1",23295
"g1",23296
"g1",23325.5
"g1",23384.5
"g1",23412
"g1",23425.5
"g1",23439.5
"g1",23453
"g1",23480.5
"g1",23552
"g1",23565.5
"g1",23628
"g1",23636.5
"g1",23668
"g1",23722
"g1",23841
"g1",23846
"g1",23847
"g1",23857.5
"g1",23864.5
"g1",23879
"g1",23885
"g1",23893
"g1",23920
"g1",24004
"g1",24051
"g1",24056.5
"g1",24085
"g1",24098
"g1",24162
"g1",24197
"g1",24309.5
"g1",24319.5
"g1",24323
"g1",24405
"g1",24438.5
"g1",24476.5
"g1",24479
"g1",24594
"g1",24689
"g1",24697
"g1",24703
"g1",24752
"g1",24772
"g1",24773.5
"g1",24837.5
"g1",24865.5
"g1",24906.5
"g1",24944.5
"g1",24986
"g1",24992
"g1",25003.5
"g1",25006
"g1",25016
"g1",25074.5
"g1",25128
"g1",25156.5
"g1",25177
"g1",25203.5
"g1",25225
"g1",25253.5
"g1",25307.5
"g1",25365
"g1",25425.5
"g1",25437
"g1",25454
"g1",25510
"g1",25555.5
"g1",25558
"g1",25610
"g1",25628
"g1",25632
"g1",25644.5
"g1",25699.5
"g1",25700
"g1",25744.5
"g1",25750
"g1",25770.5
"g1",25786
"g1",25893.5
"g1",25926
"g1",25940
"g1",25995
"g1",26009.5
"g1",26041.5
"g1",26174
"g1",26174.5
"g1",26210.5
"g1",26214.5
"g1",26239
"g1",26290
"g1",26335.5
"g1",26366.5
"g1",26386.5
"g1",26406.5
"g1",26420.5
"g1",26448.5
"g1",26458.5
"g1",26579
"g1",26598.5
"g1",26606
"g1",26636.5
"g1",26674.5
"g1",26681
"g1",26724
"g1",26753
"g1",26778
"g1",26792
"g1",26792
"g1",26834
"g1",26853.5
"g1",26901
"g1",27037.5
"g1",27042
"g1",27052.5
"g1",27062
"g1",27165
"g1",27190
"g1",27228.5
"g1",27231
"g1",27272.5
"g1",27286
"g1",27289
"g1",27327.5
"g1",27493
"g1",27500.5
"g1",27501.5
"g1",27506.5
"g1",27517
"g1",27665.5
"g1",27708.5
"g1",27752
"g1",27755
"g1",27767
"g1",27797.5
"g1",27904
"g1",27962
"g1",27993
"g1",28055
"g1",28055.5
"g1",28068.5
"g1",28084.5
"g1",28228
"g1",28277
"g1",28321.5
"g1",28343.5
"g1",28348.5
"g1",28440.5
"g1",28509
"g1",28521.5
"g1",28646.5
"g1",28763
"g1",28812.5
"g1",28820.5
"g1",28840
"g1",28942
"g1",28976.5
"g1",29038
"g1",29072.5
"g1",29156
"g1",29168
"g1",29191
"g1",29211
"g1",29334.5
"g1",29338
"g1",29339
"g1",29430
"g1",29443
"g1",29552
"g1",29586
"g1",29599
"g1",29609
"g1",29690.5
"g1",29718
"g1",29786.5
"g1",29826
"g1",29862.5
"g1",29875
"g1",29891
"g1",29935.5
"g1",29947
"g1",29972.5
"g1",30019
"g1",30021
"g1",30062
"g1",30083.5
"g1",30093.5
"g1",30116.5
"g1",30130.5
"g1",30144
"g1",30148
"g1",30161.5
"g1",30170.5
"g1",30199
"g1",30221.5
"g1",30282.5
"g1",30305.5
"g1",30311.5
"g1",30316.5
"g1",30358.5
"g1",30372.5
"g1",30410
"g1",30419.5
"g1",30448
"g1",30539.5
"g1",30646
"g1",30686.5
"g1",30771.5
"g1",30833.5
"g1",30885
"g1",30900
"g1",30982.5
"g1",30994.5
"g1",30995.5
"g1",31023
"g1",31060.5
"g1",31181.5
"g1",31215.5
"g1",31215.5
"g1",31259.5
"g1",31380.5
"g1",31490
"g1",31593.5
"g1",31660.5
"g1",31694
"g1",31769.5
"g1",31784
"g1",31845.5
"g1",31943
"g1",31985.5
"g1",32080
"g1",32081
"g1",32104.5
"g1",32168.5
"g1",32172.5
"g1",32177.5
"g1",32177.5
"g1",32234.5
"g1",32238.5
"g1",32246
"g1",32273.5
"g1",32298
"g1",32473
"g1",32483.5
"g1",32521.5
"g1",32567
"g1",32646
"g1",32672
"g1",32727.5
"g1",32748.5
"g1",32809
"g1",32906.5
"g1",32985.5
"g1",32986
"g1",33043.5
"g1",33070.5
"g1",33120
"g1",33125
"g1",33156
"g1",33244.5
"g1",33276
"g1",33358.5
"g1",33402
"g1",33482.5
"g1",33524
"g1",33763.5
"g1",33811.5
"g1",33836.5
"g1",33935.5
"g1",33940
"g1",34048
"g1",34209
"g1",34251.5
"g1",34334.5
"g1",34348.5
"g1",34349.5
"g1",34361.5
"g1",34568
"g1",34581.5
"g1",34598
"g1",34671.5
"g1",34711
"g1",34738.5
"g1",34759
"g1",34769.5
"g1",34795.5
"g1",34874.5
"g1",34898
"g1",34967
"g1",35012
"g1",35203.5
"g1",35220
"g1",35229
"g1",35341.5
"g1",35414
"g1",35516.5
"g1",35537.5
"g1",35577
"g1",35859.5
"g1",35896.5
"g1",35956.5
"g1",36013
"g1",36124
"g1",36153.5
"g1",36169.5
"g1",36259.5
"g1",36337.5
"g1",36452
"g1",36464
"g1",36634.5
"g1",36693
"g1",36748
"g1",36822.5
"g1",36823
"g1",36825.5
"g1",36899.5
"g1",36908.5
"g1",36973.5
"g1",37098
"g1",37117
"g1",37171.5
"g1",37251
"g1",37756
"g1",38011.5
"g1",38201.5
"g1",38210
"g1",38427.5
"g1",38710.5
"g1",38924.5
"g1",38989.5
"g1",39047
"g1",39119.5
"g1",39364
"g1",39549
"g1",39923.5
"g1",40141.5
"g1",40366.5
"g1",40379.5
"g1",40773.5
"g1",40893.5
"g1",40897
"g1",41019
"g1",41054.5
"g1",41108
"g1",41231
"g1",41317.5
"g1",41465.5
"g1",41738.5
"g1",41904.5
"g1",41923
"g1",41962.5
"g1",42130
"g1",42166.5
"g1",42317
"g1",42343
"g1",42364.5
"g1",42516.5
"g1",42831.5
"g1",42909
"g1",43004.5
"g1",43030.5
"g1",43175.5
"g1",43232
"g1",43266.5
"g1",43364
"g1",43389
"g1",43793.5
"g1",43995
"g1",44011
"g1",44104
"g1",44201
"g1",44359.5
"g1",44567.5
"g1",44581
"g1",44647.5
"g1",44655.5
"g1",44750
"g1",44886
"g1",45040
"g1",45231.5
"g1",45264
"g1",45410
"g1",45417.5
"g1",45516
"g1",45656
"g1",45669
"g1",45873
"g1",45906.5
"g1",46026.5
"g1",46592
"g1",46629.5
"g1",46652
"g1",46961
"g1",47002
"g1",47003
"g1",47067
"g1",47326
"g1",47388
"g1",47617.5
"g1",47764.5
"g1",47764.5
"g1",47773
"g1",47836.5
"g1",47943
"g1",48683
"g1",48935
"g1",48938
"g1",49585.5
"g1",49612.5
"g1",49738.5
"g1",49764
"g1",49943
"g1",50009.5
"g1",50366
"g1",51024.5
"g1",51311.5
"g1",51729
"g1",52227.5
"g1",52282
"g1",52374
"g1",52677.5
"g1",52773
"g1",53050.5
"g1",53609.5
"g1",53789
"g1",54407.5
"g1",55674
"g1",55786
"g1",55899.5
"g1",56740.5
"g1",57892
"g1",58199.5
"g1",58426.5
"g1",58625.5
"g1",59274
"g1",60011
"g1",60569.5
"g1",60775
"g1",61057.5
"g1",61462.5
"g1",61794.5
"g1",62004.5
"g1",62075.5
"g1",62994.5
"g1",63672.5
"g1",63917
"g1",64039.5
"g1",64306.5
"g1",64424.5
"g1",65581.5
"g1",68068
"g1",68270.5
"g1",68558.5
"g1",68662.5
"g1",69160.5
"g1",69239.5
"g1",69314
"g1",70578.5
"g1",70587.5
"g1",70616.5
"g1",71033
"g1",75377
"g1",78492.5
"g1",80905.5
"g1",83769
"g1",83810.5
"g1",83810.5
"g1",83810.5
"g1",83810.5
