Date,Open,High,Low,Close,Volume,Adj Close
1/2/2009,2.3,2.49,2.28,2.46,42052300,2.32
1/5/2009,2.42,2.64,2.31,2.58,73031000,2.43
1/6/2009,2.64,2.85,2.63,2.76,58945900,2.6
1/7/2009,2.72,2.82,2.62,2.69,43931200,2.53
1/8/2009,2.62,2.7,2.5,2.69,51174500,2.53
1/9/2009,2.63,2.73,2.59,2.63,39831800,2.48
1/12/2009,2.69,2.69,2.52,2.64,47682700,2.49
1/13/2009,2.6,2.64,2.42,2.48,40477200,2.33
1/14/2009,2.41,2.43,2.19,2.26,56635600,2.13
1/15/2009,2.27,2.35,2.05,2.23,69594900,2.1
1/16/2009,2.34,2.36,2.06,2.19,60086400,2.06
1/20/2009,2.22,2.25,2.05,2.13,51647400,2
1/21/2009,2.18,2.19,2,2.09,75295100,1.97
1/22/2009,2.04,2.07,1.9,1.94,52683400,1.83
1/23/2009,1.9,1.93,1.8,1.8,71025700,1.69
1/26/2009,1.99,2.06,1.87,1.94,50898200,1.83
1/27/2009,2.02,2.04,1.94,1.97,31112400,1.85
1/28/2009,2.04,2.06,1.98,2.03,34869200,1.91
1/29/2009,2.03,2.03,1.95,1.95,30930500,1.84
1/30/2009,1.99,1.99,1.85,1.87,35463000,1.76
2/2/2009,1.86,1.93,1.81,1.88,32294600,1.77
2/3/2009,1.92,1.97,1.81,1.96,34099500,1.84
2/4/2009,1.98,2.02,1.92,1.95,24203700,1.84
2/5/2009,1.94,1.97,1.86,1.93,17335100,1.82
2/6/2009,1.94,1.99,1.9,1.94,21389600,1.83
2/9/2009,1.96,1.96,1.84,1.9,27266900,1.79
2/10/2009,1.91,1.92,1.82,1.82,28273800,1.71
2/11/2009,1.85,1.88,1.8,1.85,30214000,1.74
2/12/2009,1.83,1.85,1.75,1.79,23422600,1.68
2/13/2009,1.82,1.83,1.72,1.76,23009400,1.66
2/17/2009,1.7,1.75,1.61,1.69,32860300,1.59
2/18/2009,1.78,1.79,1.63,1.67,25051400,1.57
2/19/2009,1.69,1.7,1.61,1.63,19034200,1.53
2/20/2009,1.6,1.61,1.5,1.58,37900600,1.49
2/23/2009,1.65,1.91,1.61,1.73,44460600,1.63
2/24/2009,1.8,2,1.8,2,35167600,1.88
2/25/2009,2.1,2.16,2,2.01,54368900,1.89
2/26/2009,2.08,2.09,1.81,1.98,32307100,1.86
2/27/2009,1.93,2,1.8,2,31512500,1.88
3/2/2009,1.91,1.94,1.83,1.88,19605600,1.77
3/3/2009,1.91,1.91,1.8,1.81,15442700,1.7
3/4/2009,1.9,1.9,1.83,1.87,22404200,1.76
3/5/2009,1.75,2,1.73,1.81,47498200,1.7
3/6/2009,1.83,1.91,1.65,1.7,35136700,1.6
3/9/2009,1.78,1.85,1.7,1.74,32278900,1.64
3/10/2009,1.85,1.89,1.81,1.85,31181300,1.74
3/11/2009,1.91,2,1.87,1.96,43503700,1.84
3/12/2009,1.98,2.1,1.98,2.1,46652500,1.98
3/13/2009,2.19,2.25,2.12,2.19,53675700,2.06
3/16/2009,2.28,2.3,2.09,2.1,44196000,1.98
3/17/2009,2.17,2.3,2.11,2.28,43181500,2.15
3/18/2009,2.28,2.65,2.28,2.47,92775500,2.33
3/19/2009,2.77,2.78,2.28,2.51,61243500,2.36
3/20/2009,2.7,2.75,2.52,2.75,57202300,2.59
3/23/2009,2.88,2.9,2.8,2.9,45286800,2.73
3/24/2009,2.83,2.95,2.76,2.86,40512400,2.69
3/25/2009,2.9,2.99,2.76,2.77,51384500,2.61
3/26/2009,2.9,2.94,2.81,2.94,38757300,2.77
3/27/2009,2.96,2.98,2.82,2.84,32074900,2.67
3/30/2009,2.73,2.88,2.38,2.76,63985300,2.6
3/31/2009,2.84,2.87,2.63,2.63,45913600,2.48
4/1/2009,2.56,2.8,2.4,2.74,68271500,2.58
4/2/2009,2.89,2.95,2.83,2.91,68130500,2.74
4/3/2009,2.93,3.25,2.91,3.25,111824600,3.06
4/6/2009,3.27,4,3.25,3.77,231439200,3.55
4/7/2009,3.7,3.74,3.36,3.49,112627100,3.29
4/8/2009,3.67,4.05,3.53,3.95,261067600,3.72
4/9/2009,4.22,4.41,4.03,4.24,131505500,3.99
4/13/2009,4.25,4.32,4.03,4.26,73962500,4.01
4/14/2009,4.28,4.33,4.15,4.3,64229300,4.05
4/15/2009,4.23,4.25,3.75,4.04,88312500,3.8
4/16/2009,4.12,4.2,3.95,4.16,59376500,3.92
4/17/2009,4.19,4.21,3.97,4,55084300,3.77
4/20/2009,3.91,3.91,3.61,3.69,57797600,3.47
4/21/2009,3.53,3.84,3.27,3.8,93851900,3.58
4/22/2009,4.1,4.42,4.05,4.28,145386500,4.03
4/23/2009,4.43,4.51,4.31,4.49,115728000,4.23
4/24/2009,5.33,5.45,4.96,5,287772600,4.71
4/27/2009,5.07,5.42,5.02,5.11,111424500,4.81
4/28/2009,5.08,5.4,5.01,5.19,73139000,4.89
4/29/2009,5.32,5.45,5.28,5.45,70786300,5.13
4/30/2009,5.58,5.99,5.57,5.98,186983700,5.63
5/1/2009,5.99,6,5.56,5.69,102853400,5.36
5/4/2009,5.9,5.94,5.75,5.88,58158000,5.53
5/5/2009,5.82,5.91,5.6,5.85,70335000,5.51
5/6/2009,5.91,6.29,5.9,6.26,95547300,5.89
5/7/2009,6.51,6.54,5.65,6.06,95031100,5.7
5/8/2009,6.19,6.3,6.03,6.24,63884500,5.87
5/11/2009,6.09,6.26,5.88,6.08,64849100,5.72
5/12/2009,5.74,5.77,5.01,5.01,217074100,4.72
5/13/2009,4.77,4.97,4.71,4.96,541175600,4.67
5/14/2009,5.16,5.36,4.99,5.16,207354400,4.86
5/15/2009,5.22,5.5,5.22,5.49,128733300,5.17
5/18/2009,5.69,5.7,5.29,5.5,121707300,5.18
5/19/2009,5.49,5.69,5.33,5.63,92782500,5.3
5/20/2009,5.66,5.75,5.33,5.41,95454300,5.09
5/21/2009,5.25,5.39,5.06,5.33,78529400,5.02
5/22/2009,5.37,5.37,5.1,5.26,50019900,4.95
5/26/2009,5.16,5.41,5.1,5.4,66346400,5.08
5/27/2009,5.48,5.53,5.25,5.34,55302600,5.03
5/28/2009,5.41,5.56,5.25,5.56,63255100,5.23
5/29/2009,5.58,5.75,5.41,5.75,99306500,5.41
6/1/2009,5.95,6.23,5.88,6.13,111714500,5.77
6/2/2009,6.17,6.46,6.03,6.41,134751900,6.03
6/3/2009,6.3,6.31,5.96,6.18,111423600,5.82
6/4/2009,6.18,6.4,6.17,6.36,83850700,5.99
6/5/2009,6.47,6.53,6.22,6.36,85658900,5.99
6/8/2009,6.21,6.46,6.06,6.38,85590400,6.01
6/9/2009,6.38,6.44,6.18,6.26,84569400,5.89
6/10/2009,6.32,6.43,6.11,6.19,90297100,5.83
6/11/2009,6.15,6.24,5.75,5.98,133040800,5.63
6/12/2009,6.01,6.15,5.92,6.11,54584200,5.75
6/15/2009,6.02,6.04,5.8,5.93,65242800,5.58
6/16/2009,5.94,5.95,5.52,5.67,87214100,5.34
6/17/2009,5.64,5.85,5.3,5.71,87747800,5.37
6/18/2009,5.78,5.81,5.52,5.68,57600300,5.35
6/19/2009,5.73,5.96,5.69,5.72,69582800,5.38
6/22/2009,5.67,5.79,5.37,5.38,57636000,5.06
6/23/2009,5.43,5.59,5.21,5.53,60592700,5.21
6/24/2009,5.66,5.9,5.51,5.63,72264800,5.3
6/25/2009,5.57,5.75,5.37,5.68,62899600,5.35
6/26/2009,5.65,5.8,5.55,5.61,68304000,5.28
6/29/2009,5.66,5.96,5.6,5.78,73552300,5.44
6/30/2009,5.96,6.16,5.86,6.07,85531400,5.71
7/1/2009,6.12,6.25,5.89,5.91,95888300,5.56
7/2/2009,5.83,6.08,5.55,5.89,73694800,5.54
7/6/2009,5.87,6.05,5.68,5.75,73705200,5.41
7/7/2009,5.74,5.75,5.51,5.53,68322000,5.21
7/8/2009,5.55,5.61,5.24,5.35,67379800,5.04
7/9/2009,5.46,5.76,5.32,5.63,60243600,5.3
7/10/2009,5.53,5.75,5.52,5.72,47272700,5.38
7/13/2009,5.72,5.74,5.51,5.69,46062800,5.36
7/14/2009,5.69,5.89,5.6,5.84,56107600,5.5
7/15/2009,5.98,6.06,5.91,6.05,64814100,5.69
7/16/2009,5.98,6.14,5.84,6.13,66541300,5.77
7/17/2009,6.15,6.22,6.03,6.14,62832200,5.78
7/20/2009,6.2,6.3,6.13,6.19,64037800,5.83
7/21/2009,6.28,6.3,6.04,6.2,57398800,5.84
7/22/2009,6.17,6.48,6.13,6.38,91813000,6.01
7/23/2009,6.94,7.1,6.65,6.98,269099700,6.57
7/24/2009,6.9,6.92,6.7,6.78,99700500,6.38
7/27/2009,6.83,7.29,6.72,7.27,104647700,6.84
7/28/2009,7.2,7.28,7.05,7.14,68800900,6.72
7/29/2009,7.08,7.32,6.99,7.12,74129700,6.7
7/30/2009,7.28,7.48,7.18,7.39,88741000,6.96
7/31/2009,7.46,8,7.43,8,156355300,7.53
8/3/2009,8.65,8.86,8.3,8.33,246431700,7.84
8/4/2009,8.4,8.51,8.09,8.3,122641600,7.81
8/5/2009,8.51,8.58,8.32,8.44,97215300,7.94
8/6/2009,8.52,8.55,7.91,8.07,132529500,7.6
8/7/2009,8.33,8.34,8,8.01,95304700,7.54
8/10/2009,7.94,7.96,7.62,7.72,90356700,7.27
8/11/2009,7.65,7.93,7.64,7.81,81695400,7.35
8/12/2009,7.85,7.97,7.69,7.7,73805300,7.25
8/13/2009,7.85,7.92,7.7,7.9,88102900,7.44
8/14/2009,7.98,8.01,7.75,7.83,58019400,7.37
8/17/2009,7.51,7.62,7.13,7.37,78689300,6.94
8/18/2009,7.52,7.75,7.48,7.64,72395500,7.19
8/19/2009,7.5,7.75,7.5,7.65,47417600,7.2
8/20/2009,7.7,7.74,7.66,7.68,29608300,7.23
8/21/2009,7.79,7.83,7.62,7.74,55283300,7.29
8/24/2009,7.75,7.81,7.31,7.41,93581500,6.98
8/25/2009,7.43,7.65,7.43,7.59,53545700,7.14
8/26/2009,7.61,7.64,7.41,7.61,44502200,7.16
8/27/2009,7.66,7.71,7.46,7.67,62564800,7.22
8/28/2009,7.73,7.8,7.69,7.73,44250400,7.28
8/31/2009,7.6,7.64,7.47,7.6,43810500,7.15
9/1/2009,7.51,7.77,7.13,7.24,102771300,6.82
9/2/2009,7.18,7.21,6.87,7.03,65920200,6.62
9/3/2009,7.14,7.52,6.97,7.48,87169900,7.04
9/4/2009,7.49,7.55,7.27,7.43,42539800,6.99
9/8/2009,7.53,7.55,7.27,7.3,45485800,6.87
9/9/2009,7.32,7.52,7.25,7.39,47496100,6.96
9/10/2009,7.43,7.48,7.35,7.44,34041200,7
9/11/2009,7.46,7.54,7.3,7.33,48787900,6.9
9/14/2009,7.3,7.4,7.18,7.39,34515900,6.96
9/15/2009,7.39,7.44,7.2,7.2,50771500,6.78
9/16/2009,7.34,7.36,7.02,7.15,107442600,6.73
9/17/2009,7.05,7.25,6.85,6.92,103372300,6.51
9/18/2009,6.99,7.06,6.93,6.94,53331300,6.53
9/21/2009,6.88,6.92,6.75,6.83,52822200,6.43
9/22/2009,6.92,7.09,6.9,7.01,55582000,6.6
9/23/2009,7.2,7.59,7.18,7.36,139234200,6.93
9/24/2009,7.53,7.55,7.21,7.33,88410600,6.9
9/25/2009,7.34,7.46,7.2,7.29,61908900,6.86
9/28/2009,7.36,7.5,7.33,7.49,45883900,7.05
9/29/2009,7.49,7.5,7.36,7.45,46727700,7.01
9/30/2009,7.48,7.5,7.14,7.21,95959600,6.79
10/1/2009,7.18,7.25,6.97,6.97,101530900,6.56
10/2/2009,6.81,6.99,6.61,6.84,55825100,6.44
10/5/2009,6.94,7.08,6.84,7.05,42693000,6.64
10/6/2009,7.18,7.22,7.04,7.14,48500800,6.72
10/7/2009,7.11,7.14,7,7.13,33869000,6.71
10/8/2009,7.19,7.27,7.11,7.18,78355000,6.76
10/9/2009,7.15,7.16,7.05,7.12,32603200,6.7
10/12/2009,7.19,7.83,7.16,7.62,152372700,7.17
10/13/2009,7.58,7.88,7.51,7.62,100372000,7.17
10/14/2009,7.8,7.81,7.61,7.66,58858200,7.21
10/15/2009,7.61,7.74,7.61,7.66,40371200,7.21
10/16/2009,7.56,7.59,7.4,7.42,47371300,6.98
10/19/2009,7.54,7.68,7.42,7.57,62833900,7.13
10/20/2009,7.66,7.83,7.65,7.71,50104000,7.26
10/21/2009,7.69,7.98,7.65,7.78,69777200,7.32
10/22/2009,7.73,7.87,7.62,7.76,53432400,7.3
10/23/2009,7.82,7.84,7.55,7.63,47705600,7.18
10/26/2009,7.7,7.84,7.4,7.47,60580400,7.03
10/27/2009,7.48,7.53,7.17,7.33,72962600,6.9
10/28/2009,7.27,7.34,6.89,6.96,94665300,6.55
10/29/2009,7.14,7.35,7.06,7.3,69469900,6.87
10/30/2009,7.28,7.3,6.81,7,95736100,6.59
11/2/2009,7.73,7.84,7.35,7.58,208424500,7.14
11/3/2009,7.35,7.67,7.31,7.44,193783100,7
11/4/2009,7.35,7.43,7.24,7.27,240095200,6.84
11/5/2009,7.36,7.5,7.32,7.45,125050200,7.01
11/6/2009,7.4,7.75,7.34,7.75,159975800,7.3
11/9/2009,7.78,8.18,7.75,8.18,203287900,7.7
11/10/2009,8.15,8.35,8.04,8.24,136649800,7.76
11/11/2009,8.33,8.4,8.26,8.33,89390000,7.84
11/12/2009,8.25,8.44,8.17,8.2,86560300,7.72
11/13/2009,8.25,8.45,8.24,8.41,86202200,7.92
11/16/2009,8.51,8.79,8.5,8.71,121719000,8.2
11/17/2009,8.78,9,8.75,8.98,126809600,8.45
11/18/2009,9,9.14,8.8,8.94,120432800,8.42
11/19/2009,8.82,8.82,8.55,8.73,90625800,8.22
11/20/2009,8.63,8.78,8.58,8.64,59314700,8.13
11/23/2009,8.84,8.91,8.67,8.73,61341800,8.22
11/24/2009,8.8,8.83,8.65,8.81,47088400,8.29
11/25/2009,8.87,8.9,8.76,8.81,26922600,8.29
11/27/2009,8.5,8.81,8.4,8.73,42184800,8.22
11/30/2009,8.78,8.93,8.67,8.89,58900100,8.37
12/1/2009,9.01,9.07,8.81,8.88,104011700,8.36
12/2/2009,8.94,9.07,8.91,9.01,63656600,8.48
12/3/2009,9.05,9.11,8.89,8.94,57935400,8.42
12/4/2009,9.1,9.14,8.78,8.94,79533500,8.42
12/7/2009,8.9,9,8.8,8.91,41476300,8.39
12/8/2009,8.87,8.89,8.76,8.82,57473000,8.3
12/9/2009,8.87,9.01,8.8,8.86,52852400,8.34
12/10/2009,8.94,9.09,8.9,9.05,63643700,8.52
12/11/2009,9.09,9.1,8.98,9,63474700,8.47
12/14/2009,9,9.1,8.97,9.08,37983700,8.55
12/15/2009,9.04,9.46,9.03,9.39,109417900,8.84
12/16/2009,9.44,9.64,9.41,9.49,71460500,8.93
12/17/2009,9.49,9.56,9.33,9.39,55724600,8.84
12/18/2009,9.56,9.73,9.47,9.68,88033100,9.11
12/21/2009,9.77,9.8,9.63,9.67,53335700,9.1
12/22/2009,9.79,9.9,9.71,9.9,50860300,9.32
12/23/2009,10.01,10.11,9.93,10.08,64815000,9.49
12/24/2009,10.17,10.2,10.06,10.13,24895700,9.54
12/28/2009,10.18,10.37,10.15,10.2,53979900,9.6
12/29/2009,10.27,10.29,10.09,10.11,40821600,9.52
12/30/2009,10.05,10.08,9.89,9.99,46699600,9.4
12/31/2009,10.04,10.06,9.92,10,31253700,9.41
1/4/2010,10.17,10.28,10.05,10.28,60855800,9.68
1/5/2010,10.45,11.24,10.4,10.96,215620200,10.32
1/6/2010,11.21,11.46,11.13,11.37,200070600,10.7
1/7/2010,11.46,11.69,11.32,11.66,130201700,10.98
1/8/2010,11.67,11.74,11.46,11.69,130463000,11
1/11/2010,11.9,12.14,11.78,12.11,170626200,11.4
1/12/2010,11.98,12.03,11.72,11.87,162995900,11.17
1/13/2010,11.91,11.93,11.47,11.68,154527100,10.99
1/14/2010,11.65,11.86,11.51,11.76,116531200,11.07
1/15/2010,11.74,11.76,11.55,11.6,96149800,10.92
1/19/2010,11.51,11.83,11.46,11.75,65934000,11.06
1/20/2010,11.68,11.69,11.5,11.51,71649500,10.83
1/21/2010,11.53,11.62,11.01,11.18,121451400,10.52
1/22/2010,11.01,11.12,10.41,10.52,161530100,9.9
1/25/2010,10.73,11.1,10.61,11.03,121621500,10.38
1/26/2010,11.17,11.46,11.07,11.19,108250500,10.53
1/27/2010,11.57,11.62,11.22,11.55,105091600,10.87
1/28/2010,11.9,11.95,11.27,11.41,203320000,10.74
1/29/2010,11.6,11.61,10.7,10.84,159741200,10.2
2/1/2010,11.14,11.18,10.93,11.12,82748200,10.47
2/2/2010,11.26,11.52,11.19,11.39,119714900,10.72
2/3/2010,11.49,11.66,11.42,11.64,90125500,10.96
2/4/2010,11.49,11.53,11,11.06,129792200,10.41
2/5/2010,10.97,11.11,10.49,10.91,181535200,10.27
2/8/2010,11.09,11.32,10.88,10.97,92031400,10.33
2/9/2010,11.18,11.22,11.02,11.15,83207100,10.5
2/10/2010,11.12,11.14,10.9,10.94,73395600,10.3
2/11/2010,11,11.19,10.88,11.18,65116200,10.52
2/12/2010,10.92,11.18,10.85,11.12,69465400,10.47
2/16/2010,11.21,11.38,11.11,11.32,62537500,10.66
2/17/2010,11.43,11.52,11.35,11.49,65983200,10.82
2/18/2010,11.41,11.48,11.29,11.38,53406800,10.71
2/19/2010,11.35,11.4,11.26,11.29,46990000,10.63
2/22/2010,11.36,11.38,11.18,11.21,41993100,10.55
2/23/2010,11.18,11.63,11.15,11.6,114688400,10.92
2/24/2010,11.72,11.88,11.65,11.73,84200800,11.04
2/25/2010,11.53,11.83,11.4,11.78,83114500,11.09
2/26/2010,11.83,11.85,11.61,11.74,72368400,11.05
3/1/2010,11.81,12.42,11.75,12.41,142605500,11.68
3/2/2010,12.62,12.68,12.18,12.22,193706600,11.5
3/3/2010,12.46,12.83,12.35,12.69,157004600,11.95
3/4/2010,12.78,12.8,12.52,12.79,89836800,12.04
3/5/2010,12.92,13.04,12.83,13,106920600,12.24
3/8/2010,12.94,12.96,12.79,12.93,78903200,12.17
3/9/2010,12.83,13.03,12.73,12.8,83934300,12.05
3/10/2010,12.88,12.95,12.8,12.82,56850600,12.07
3/11/2010,12.79,12.97,12.75,12.91,59274700,12.15
3/12/2010,13.02,13.37,12.98,13.34,104771000,12.56
3/15/2010,13.46,13.63,13.32,13.4,95072200,12.61
3/16/2010,13.49,13.51,13.32,13.49,74692700,12.7
3/17/2010,13.55,14.15,13.55,14.1,137318700,13.27
3/18/2010,14.23,14.54,13.65,13.73,235094400,12.92
3/19/2010,13.29,13.92,13.04,13.29,252411200,12.51
3/22/2010,12.98,14,12.81,13.99,170576100,13.17
3/23/2010,14.17,14.3,13.81,13.9,167002400,13.08
3/24/2010,13.77,14.05,13.76,13.9,91765400,13.08
3/25/2010,14.05,14.12,13.76,13.8,88909300,12.99
3/26/2010,13.89,13.98,13.76,13.86,60400400,13.05
3/29/2010,13.7,13.88,13.39,13.57,158225000,12.77
3/30/2010,13.55,13.64,13.18,13.28,142055200,12.5
3/31/2010,12.82,12.95,12.42,12.57,433659100,11.83
4/1/2010,12.84,12.95,12.58,12.63,212952100,11.89
4/5/2010,12.89,12.92,12.76,12.77,88957200,12.02
4/6/2010,12.78,12.88,12.6,12.7,76423800,11.95
4/7/2010,12.69,12.82,12.53,12.58,88112400,11.84
4/8/2010,12.55,12.71,12.34,12.63,77491400,11.89
4/9/2010,12.73,12.84,12.61,12.72,60408600,11.97
4/12/2010,12.72,12.81,12.64,12.77,50783100,12.02
4/13/2010,12.75,12.89,12.71,12.79,71008500,12.04
4/14/2010,12.92,13.43,12.86,13.35,153602100,12.57
4/15/2010,13.42,13.88,13.41,13.76,159110500,12.95
4/16/2010,13.84,13.92,13.3,13.42,149640000,12.63
4/19/2010,13.38,13.75,13.36,13.6,95855100,12.8
4/20/2010,13.72,13.94,13.67,13.91,75630700,13.09
4/21/2010,14.02,14.15,13.92,14.13,120284000,13.3
4/22/2010,14,14.23,13.85,14.2,93331100,13.37
4/23/2010,14.22,14.39,14.11,14.21,92002200,13.38
4/26/2010,14.39,14.57,14.28,14.46,123029200,13.61
4/27/2010,14.44,14.5,13.15,13.57,292667400,12.77
4/28/2010,13.39,13.45,12.9,13.25,208023500,12.47
4/29/2010,13.45,13.7,13.38,13.58,110114400,12.78
4/30/2010,13.64,13.73,12.96,13.02,146322900,12.26
5/3/2010,13.18,13.49,13.18,13.3,106416800,12.52
5/4/2010,13.07,13.08,12.75,12.85,123207400,12.1
5/5/2010,12.32,12.7,11.59,12.34,198525600,11.62
5/6/2010,12.17,12.51,10.59,11.78,237094700,11.09
5/7/2010,11.95,11.97,10.95,11.51,261066500,10.83
5/10/2010,12.54,12.56,12.02,12.15,134388700,11.44
5/11/2010,11.99,12.56,11.85,12.31,125738800,11.59
5/12/2010,12.57,12.71,12.49,12.68,102657000,11.94
5/13/2010,12.87,12.87,12.32,12.42,100156000,11.69
5/14/2010,12.25,12.35,11.87,12.11,105856000,11.4
5/17/2010,12.08,12.18,11.49,11.95,108686700,11.25
5/18/2010,12.15,12.18,11.45,11.55,101309100,10.87
5/19/2010,11.3,11.66,11.11,11.55,132864400,10.87
5/20/2010,11.04,11.3,10.76,10.8,156449200,10.17
5/21/2010,10.25,11.3,10.17,11.26,174455100,10.6
5/24/2010,11.29,11.44,11.01,11.01,90998300,10.36
5/25/2010,10.47,11.05,10.42,11.02,137858600,10.37
5/26/2010,11.45,11.82,11.35,11.39,146872000,10.72
5/27/2010,11.85,12,11.66,11.99,90700800,11.29
5/28/2010,12.05,12.08,11.62,11.73,78823400,11.04
6/1/2010,11.5,11.88,11.38,11.41,80977300,10.74
6/2/2010,11.66,11.87,11.45,11.85,87265300,11.15
6/3/2010,12.01,12.15,11.81,11.96,79568700,11.26
6/4/2010,11.69,11.88,11.39,11.5,83480900,10.82
6/7/2010,11.45,11.5,11.06,11.09,76229000,10.44
6/8/2010,11.14,11.37,10.89,11.22,81494400,10.56
6/9/2010,11.36,11.4,11,11.05,74947600,10.4
6/10/2010,11.21,11.4,11.1,11.39,64799500,10.72
6/11/2010,11.23,11.47,11.21,11.4,50280600,10.73
6/14/2010,11.48,11.72,11.4,11.46,58144500,10.79
6/15/2010,11.55,11.76,11.52,11.7,51790900,11.01
6/16/2010,11.65,11.77,11.5,11.63,61954100,10.95
6/17/2010,11.69,11.69,11.33,11.48,69430100,10.81
6/18/2010,11.56,11.62,11.4,11.46,55417700,10.79
6/21/2010,11.68,11.8,11.5,11.53,67814300,10.85
6/22/2010,11.54,11.6,11.18,11.22,73509000,10.56
6/23/2010,11.23,11.28,11,11.03,83134400,10.38
6/24/2010,10.99,11.03,10.64,10.78,74449200,10.15
6/25/2010,10.75,10.77,10.42,10.75,148168400,10.12
6/28/2010,10.72,10.76,10.43,10.43,57994700,9.82
6/29/2010,10.12,10.14,9.75,9.88,124866100,9.3
6/30/2010,10.1,10.52,10.04,10.08,182831300,9.49
7/1/2010,10.23,10.63,10.02,10.57,153383000,9.95
7/2/2010,10.58,10.63,10.15,10.28,71607100,9.68
7/6/2010,10.42,10.57,10.04,10.16,81246900,9.56
7/7/2010,10.21,10.63,10.17,10.59,72565300,9.97
7/8/2010,10.72,10.83,10.45,10.62,62355500,10
7/9/2010,10.58,10.94,10.54,10.85,50732700,10.21
7/12/2010,10.84,11.13,10.83,11.1,56354100,10.45
7/13/2010,11.47,11.81,11.26,11.66,103923200,10.98
7/14/2010,11.62,11.92,11.54,11.81,68051400,11.12
7/15/2010,11.86,11.9,11.51,11.86,66020400,11.16
7/16/2010,11.75,11.78,11.3,11.34,68905500,10.67
7/19/2010,11.44,11.57,11.23,11.48,49910000,10.81
7/20/2010,11.3,11.76,11.25,11.75,53134900,11.06
7/21/2010,11.82,11.88,11.43,11.55,67645100,10.87
7/22/2010,11.76,12.22,11.75,12.09,102031500,11.38
7/23/2010,12.55,12.75,12.35,12.72,161608200,11.97
7/26/2010,12.82,13.15,12.75,12.94,125770900,12.18
7/27/2010,13.16,13.18,12.85,13.03,97305400,12.27
7/28/2010,12.99,13.08,12.86,12.91,59746700,12.15
7/29/2010,13.03,13.11,12.72,12.97,88510100,12.21
7/30/2010,12.81,13.01,12.58,12.77,79512400,12.02
8/2/2010,13.06,13.2,12.94,13.16,77124700,12.39
8/3/2010,13.08,13.24,12.77,12.91,115202600,12.15
8/4/2010,13,13.21,12.95,13.11,60875000,12.34
8/5/2010,13.05,13.05,12.9,12.98,51574800,12.22
8/6/2010,12.83,13.05,12.8,13.04,54704600,12.27
8/9/2010,13.12,13.12,12.92,13.05,39072000,12.28
8/10/2010,12.94,13.03,12.8,12.92,50265100,12.16
8/11/2010,12.65,12.67,12.33,12.41,68132100,11.68
8/12/2010,12.03,12.39,11.9,12.27,68017900,11.55
8/13/2010,12.25,12.37,12.13,12.15,41635500,11.44
8/16/2010,11.96,12.15,11.88,11.99,59316100,11.29
8/17/2010,12.2,12.38,12.06,12.16,61043500,11.45
8/18/2010,12.17,12.29,11.8,12.2,54218100,11.48
8/19/2010,12.13,12.2,11.83,11.89,61059000,11.19
8/20/2010,11.85,11.9,11.6,11.77,50806600,11.08
8/23/2010,11.84,11.9,11.6,11.61,42449600,10.93
8/24/2010,11.28,11.49,11.09,11.24,86299200,10.58
8/25/2010,11.04,11.4,10.95,11.32,78571900,10.66
8/26/2010,11.4,11.56,11.14,11.17,56953100,10.51
8/27/2010,11.26,11.72,11.05,11.56,63565200,10.88
8/30/2010,11.58,11.68,11.35,11.35,33651500,10.68
8/31/2010,11.27,11.46,11.13,11.29,64984700,10.63
9/1/2010,11.53,11.89,11.46,11.61,81988800,10.93
9/2/2010,11.68,11.83,11.57,11.71,39943600,11.02
9/3/2010,11.88,12.14,11.84,12.07,65243900,11.36
9/7/2010,12.01,12.07,11.78,11.8,42497600,11.11
9/8/2010,11.81,11.95,11.7,11.8,40798700,11.11
9/9/2010,11.96,12.04,11.64,11.75,48528500,11.06
9/10/2010,11.81,11.99,11.75,11.79,37849800,11.1
9/13/2010,11.93,12,11.84,11.99,36689700,11.29
9/14/2010,11.96,12.05,11.89,11.98,39772300,11.28
9/15/2010,11.93,11.96,11.76,11.87,54102700,11.17
9/16/2010,12.12,12.53,12.1,12.44,141408500,11.71
9/17/2010,12.53,12.54,12.34,12.49,68954600,11.76
9/20/2010,12.55,12.6,12.38,12.57,49812800,11.83
9/21/2010,12.53,12.75,12.51,12.55,59130900,11.81
9/22/2010,12.43,12.54,12.29,12.38,53139300,11.65
9/23/2010,12.26,12.45,12.15,12.31,46866400,11.59
9/24/2010,12.42,12.57,12.39,12.56,42647800,11.82
9/27/2010,12.57,12.6,12.46,12.48,28799700,11.75
9/28/2010,12.48,12.53,12.27,12.52,42671500,11.79
9/29/2010,12.45,12.5,12.28,12.33,45211800,11.61
9/30/2010,12.44,12.46,12.2,12.24,42679600,11.52
10/1/2010,12.24,12.41,12.12,12.26,54565500,11.54
10/4/2010,12.57,12.92,12.53,12.84,95949200,12.09
10/5/2010,13,13.07,12.92,13.01,74701900,12.25
10/6/2010,13.06,13.45,13.04,13.24,92326000,12.46
10/7/2010,13.32,13.38,13.19,13.32,53526700,12.54
10/8/2010,13.3,13.72,13.28,13.66,71857700,12.86
10/11/2010,13.72,13.9,13.68,13.78,48002800,12.97
10/12/2010,13.71,13.85,13.51,13.78,50056400,12.97
10/13/2010,13.9,13.91,13.64,13.64,59061900,12.84
10/14/2010,13.88,14.01,13.78,13.91,78814100,13.09
10/15/2010,14,14.04,13.61,13.8,61337700,12.99
10/18/2010,13.75,13.9,13.64,13.88,34852700,13.07
10/19/2010,13.63,13.64,13.18,13.32,84614000,12.54
10/20/2010,13.45,13.73,13.35,13.64,60800200,12.84
10/21/2010,13.78,14.16,13.66,13.81,85365000,13
10/22/2010,13.86,14.01,13.83,13.95,38003100,13.13
10/25/2010,14.05,14.2,14.01,14.15,77370800,13.32
10/26/2010,13.97,14.47,13.92,14.36,214814400,13.52
10/27/2010,14.34,14.35,14.09,14.23,81025700,13.39
10/28/2010,14.29,14.32,14.06,14.22,51719400,13.39
10/29/2010,14.18,14.23,14.1,14.13,52281900,13.3
11/1/2010,14.32,14.37,14.16,14.23,56606000,13.39
11/2/2010,14.32,14.46,14.22,14.43,54691100,13.58
11/3/2010,14.48,15.2,14.44,15.18,185667300,14.29
11/4/2010,15.51,15.98,15.4,15.86,193232000,14.93
11/5/2010,15.98,16.26,15.81,16.21,141539900,15.26
11/8/2010,16.36,16.49,16.06,16.41,127386000,15.45
11/9/2010,16.53,16.58,15.88,16.07,133717300,15.13
11/10/2010,16.32,16.71,16.08,16.63,139738200,15.65
11/11/2010,16.54,16.66,16.2,16.61,94746200,15.64
11/12/2010,16.46,16.53,16.04,16.3,91657100,15.34
11/15/2010,16.81,17.41,16.68,17,233268400,16
11/16/2010,17.19,17.42,16.36,16.51,234481200,15.54
11/17/2010,16.76,16.9,16.52,16.68,127748600,15.7
11/18/2010,16.77,16.87,16.05,16.12,256937900,15.17
11/19/2010,16.02,16.38,15.83,16.28,130323600,15.32
11/22/2010,16.26,16.54,16.11,16.2,91288900,15.25
11/23/2010,16.01,16.16,15.62,15.7,96689100,14.78
11/24/2010,15.95,16.06,15.81,15.95,66727700,15.01
11/26/2010,15.81,16.18,15.75,16.1,31557200,15.15
11/29/2010,16.12,16.12,15.86,16.06,61577500,15.12
11/30/2010,15.92,15.99,15.83,15.94,71737400,15
12/1/2010,16.24,16.5,16.14,16.46,100724400,15.49
12/2/2010,16.72,16.86,16.63,16.78,82484500,15.8
12/3/2010,16.63,16.83,16.6,16.8,67399500,15.81
12/6/2010,16.66,16.78,16.52,16.65,57290300,15.67
12/7/2010,16.91,16.92,16.55,16.56,64104300,15.59
12/8/2010,16.66,16.73,16.35,16.69,106700000,15.71
12/9/2010,16.82,16.85,16.66,16.76,47280900,15.78
12/10/2010,16.68,16.77,16.65,16.73,38196000,15.75
12/13/2010,16.65,16.72,16.47,16.47,53899700,15.5
12/14/2010,16.5,16.58,16.39,16.42,43070000,15.46
12/15/2010,16.37,16.66,16.35,16.55,44901200,15.58
12/16/2010,16.52,16.77,16.44,16.77,49567600,15.79
12/17/2010,16.76,16.85,16.68,16.8,51948100,15.81
12/20/2010,16.85,16.9,16.63,16.85,41880000,15.86
12/21/2010,16.89,17,16.84,16.99,35604000,15.99
12/22/2010,17,17.03,16.85,16.99,31602700,15.99
12/23/2010,16.9,16.93,16.75,16.78,25730100,15.8
12/27/2010,16.72,16.87,16.6,16.87,27703900,15.88
12/28/2010,16.83,16.85,16.65,16.73,28413200,15.75
12/29/2010,16.67,16.8,16.65,16.74,25556700,15.76
12/30/2010,16.72,16.85,16.65,16.69,24055100,15.71
12/31/2010,16.65,16.83,16.61,16.79,22417600,15.8
1/3/2011,17.02,17.31,17,17.25,70794200,16.24
1/4/2011,17.39,17.66,16.96,17.38,106477200,16.36
1/5/2011,17.31,18.09,17.22,17.89,112378000,16.84
1/6/2011,18.03,18.29,17.95,18.22,96284400,17.15
1/7/2011,18.42,18.42,18.08,18.27,99029500,17.2
1/10/2011,18.43,18.49,18.16,18.31,65348400,17.24
1/11/2011,18.48,18.49,18.13,18.28,61312500,17.21
1/12/2011,18.36,18.75,18.29,18.71,66841400,17.61
1/13/2011,18.81,18.97,18.55,18.68,100459700,17.58
1/14/2011,18.61,18.75,18.58,18.65,50279400,17.56
1/18/2011,18.66,18.77,18.61,18.7,39737500,17.6
1/19/2011,18.71,18.72,17.77,17.9,89216500,16.85
1/20/2011,17.77,18,17.35,17.78,93501600,16.74
1/21/2011,17.99,18.11,17.87,17.95,48717700,16.9
1/24/2011,18.03,18.03,17.75,17.93,51698600,16.88
1/25/2011,17.86,18.02,17.66,17.89,47155800,16.84
1/26/2011,17.97,18.43,17.9,18.37,66834100,17.29
1/27/2011,18.52,18.88,18.33,18.79,67711700,17.69
1/28/2011,17.79,17.88,15.98,16.27,480879500,15.31
1/31/2011,16.56,16.64,15.45,15.95,275198200,15.01
2/1/2011,16.14,16.24,15.85,15.89,178894300,14.96
2/2/2011,15.91,15.98,15.31,15.4,187008500,14.5
2/3/2011,15.38,15.78,15.1,15.76,153131300,14.83
2/4/2011,15.91,15.95,15.64,15.72,79198700,14.8
2/7/2011,15.84,16.36,15.8,16.11,118132900,15.16
2/8/2011,16.17,16.26,16.02,16.24,59674500,15.29
2/9/2011,16.13,16.3,16.02,16.09,61896700,15.15
2/10/2011,15.99,16.11,15.9,15.95,65334900,15.01
2/11/2011,16.06,16.51,15.99,16.38,94736400,15.42
2/14/2011,16.38,16.39,16.02,16.09,69632700,15.15
2/15/2011,16.03,16.16,15.95,16.1,51612800,15.15
2/16/2011,16.16,16.18,16,16.05,59843600,15.11
2/17/2011,16.01,16.03,15.83,15.97,53727600,15.03
2/18/2011,15.95,15.99,15.7,15.77,68774000,14.84
2/22/2011,15.36,15.52,15.08,15.23,97449900,14.34
2/23/2011,15.02,15.04,14.49,14.86,159528600,13.99
2/24/2011,14.57,14.99,14.5,14.7,120277400,13.84
2/25/2011,14.94,15.11,14.85,15.07,78341600,14.19
2/28/2011,15.29,15.29,14.89,15.05,54120000,14.17
3/1/2011,15.1,15.12,14.6,14.66,74337200,13.8
3/2/2011,14.66,14.89,14.62,14.66,67127000,13.8
3/3/2011,14.9,14.95,14.66,14.76,66720400,13.89
3/4/2011,14.79,14.79,14.28,14.42,81593400,13.57
3/7/2011,14.34,14.42,13.98,14.01,105389900,13.19
3/8/2011,14.02,14.55,14.01,14.47,106699200,13.62
3/9/2011,14.59,14.6,14.25,14.29,68046300,13.45
3/10/2011,14.1,14.28,14.01,14.06,107127400,13.23
3/11/2011,13.9,14.46,13.87,14.36,72249100,13.52
3/14/2011,14.47,14.64,14.2,14.3,65056100,13.46
3/15/2011,13.8,14.8,13.75,14.67,108919700,13.81
3/16/2011,14.73,14.79,13.89,14.18,127862700,13.35
3/17/2011,14.56,14.58,14.18,14.26,78683000,13.42
3/18/2011,14.58,14.67,14.43,14.49,64541000,13.64
3/21/2011,14.7,14.72,14.48,14.59,46486600,13.73
3/22/2011,14.52,14.57,14.32,14.34,44731700,13.5
3/23/2011,14.26,14.45,14.02,14.31,64431300,13.47
3/24/2011,14.4,15.12,14.39,15.04,128201100,14.16
3/25/2011,15.2,15.2,14.9,15.01,58954600,14.13
3/28/2011,14.99,15.09,14.83,14.86,41259800,13.99
3/29/2011,14.83,14.94,14.73,14.84,33301800,13.97
3/30/2011,14.88,14.97,14.74,14.86,40889600,13.99
3/31/2011,14.82,14.95,14.71,14.91,41909100,14.03
4/1/2011,15.03,15.42,14.92,15.16,116247300,14.27
4/4/2011,15.39,15.74,15.39,15.55,99116600,14.64
4/5/2011,15.65,15.81,15.55,15.79,72322800,14.86
4/6/2011,15.91,15.98,15.61,15.73,62315800,14.81
4/7/2011,15.71,15.82,15.45,15.53,51295100,14.62
4/8/2011,15.65,15.68,15.16,15.33,51126100,14.43
4/11/2011,15.27,15.4,14.74,14.86,85626200,13.99
4/12/2011,14.59,15,14.5,14.91,82591000,14.03
4/13/2011,15.04,15.05,14.8,14.98,58736600,14.1
4/14/2011,14.74,14.85,14.61,14.81,62357700,13.94
4/15/2011,14.86,14.91,14.61,14.71,47434700,13.85
4/18/2011,14.51,14.74,14.49,14.62,49822500,13.76
4/19/2011,14.65,14.79,14.54,14.66,33575500,13.8
4/20/2011,14.95,15.2,14.84,15.09,70978900,14.2
4/21/2011,15.23,15.45,15.1,15.43,53181900,14.52
4/25/2011,15.51,15.59,15.35,15.54,54775800,14.63
4/26/2011,16.04,16.18,15.66,15.66,166900000,14.74
4/27/2011,15.85,15.87,15.42,15.58,84380600,14.67
4/28/2011,15.47,15.7,15.42,15.5,48145500,14.59
4/29/2011,15.49,15.68,15.4,15.47,40203200,14.56
5/2/2011,15.52,15.69,15.41,15.45,42185500,14.54
5/3/2011,15.42,15.56,15.26,15.38,68659100,14.48
5/4/2011,15.42,15.45,14.97,15.15,71753400,14.26
5/5/2011,14.97,15.3,14.88,15.08,62502900,14.19
5/6/2011,15.26,15.37,15.08,15.11,58371200,14.22
5/9/2011,15.12,15.2,15.02,15.08,33369700,14.19
5/10/2011,15.13,15.2,15.08,15.15,36633400,14.26
5/11/2011,15.11,15.35,15.06,15.15,54989600,14.26
5/12/2011,15.14,15.34,15.12,15.26,48775700,14.36
5/13/2011,15.22,15.3,15.03,15.08,43317100,14.19
5/16/2011,15.21,15.32,15.1,15.13,51778600,14.24
5/17/2011,15.06,15.18,14.82,14.97,65261100,14.09
5/18/2011,15.01,15.16,14.87,15.12,41278000,14.23
5/19/2011,15.1,15.17,15.01,15.12,38684200,14.23
5/20/2011,15.05,15.11,14.97,15,39285300,14.12
5/23/2011,14.71,14.93,14.65,14.8,49529300,13.93
5/24/2011,14.84,14.85,14.56,14.66,48890300,13.8
5/25/2011,14.54,14.66,14.35,14.58,93969200,13.72
5/26/2011,14.51,14.6,14.4,14.56,45961100,13.71
5/27/2011,14.55,14.64,14.46,14.6,35654200,13.74
5/31/2011,14.75,14.92,14.64,14.92,66438900,14.04
6/1/2011,14.78,14.9,14.2,14.23,91509400,13.39
6/2/2011,14.26,14.37,14.09,14.18,58588100,13.35
6/3/2011,13.88,14.22,13.81,14.01,57295900,13.19
6/6/2011,13.99,14.12,13.86,13.91,54183600,13.09
6/7/2011,14.17,14.19,13.94,13.95,73208000,13.13
6/8/2011,13.96,14.01,13.65,13.7,77161700,12.9
6/9/2011,13.74,13.87,13.58,13.8,55365400,12.99
6/10/2011,13.68,13.74,13.33,13.35,96684000,12.57
6/13/2011,13.14,13.26,12.78,13.14,110748300,12.37
6/14/2011,13.29,13.56,13.25,13.43,61363200,12.64
6/15/2011,13.3,13.36,13.05,13.15,88736600,12.38
6/16/2011,13.05,13.18,12.68,12.83,91842200,12.08
6/17/2011,12.94,12.95,12.68,12.77,75778900,12.02
6/20/2011,12.66,13.03,12.65,12.94,51392800,12.18
6/21/2011,13.08,13.53,13.04,13.32,72508100,12.54
6/22/2011,13.39,13.5,13.33,13.36,42578600,12.58
6/23/2011,13.12,13.5,13.06,13.47,59361900,12.68
6/24/2011,13.52,13.6,13.14,13.24,82743600,12.46
6/27/2011,13.35,13.55,13.09,13.46,50005900,12.67
6/28/2011,13.55,13.55,13.25,13.33,54013200,12.55
6/29/2011,13.41,13.51,13.32,13.42,54105500,12.63
6/30/2011,13.46,13.97,13.36,13.79,74076900,12.98
7/1/2011,13.92,14.13,13.73,14.02,66304800,13.2
7/5/2011,14.07,14.18,13.91,14.1,47019400,13.27
7/6/2011,14.13,14.13,13.89,13.96,46233600,13.14
7/7/2011,14.13,14.22,13.9,14.12,66182800,13.29
7/8/2011,13.86,13.9,13.61,13.88,68539000,13.07
7/11/2011,13.64,13.69,13.26,13.32,61376200,12.54
7/12/2011,13.13,13.38,13.12,13.12,57768900,12.35
7/13/2011,13.3,13.43,13.23,13.27,44328200,12.49
7/14/2011,13.33,13.4,13.04,13.09,45989000,12.32
7/15/2011,13.14,13.2,13,13.09,41208600,12.32
7/18/2011,13.02,13.06,12.63,12.9,66084800,12.14
7/19/2011,13,13.18,12.86,13.09,53892600,12.32
7/20/2011,13.19,13.19,12.92,13.08,33450700,12.31
7/21/2011,13.16,13.32,13.08,13.28,43705600,12.5
7/22/2011,13.29,13.34,13.15,13.31,26480600,12.53
7/25/2011,13.04,13.24,13.01,13.17,45334300,12.4
7/26/2011,13.3,13.44,12.85,12.94,109165800,12.18
7/27/2011,12.8,12.85,12.3,12.37,113808600,11.64
7/28/2011,12.4,12.65,12.3,12.32,69884600,11.6
7/29/2011,12.11,12.42,12,12.21,68621600,11.49
8/1/2011,12.75,12.81,12.21,12.35,73771800,11.63
8/2/2011,12.28,12.35,11.82,11.85,97171100,11.15
8/3/2011,11.92,11.92,11.36,11.65,127291500,10.97
8/4/2011,11.49,11.51,10.77,10.86,153368800,10.22
8/5/2011,11.05,11.23,10.32,10.84,139254200,10.2
8/8/2011,10.02,10.42,9.87,9.93,202155900,9.35
8/9/2011,10.5,10.95,10.13,10.91,177330900,10.27
8/10/2011,10.82,10.87,10.32,10.41,119877300,9.8
8/11/2011,10.48,11.12,10.43,10.94,114926800,10.3
8/12/2011,11.29,11.31,11,11.06,79279300,10.41
8/15/2011,11.29,11.37,11.17,11.35,46283800,10.68
8/16/2011,11.23,11.45,11.05,11.22,53398200,10.56
8/17/2011,11.34,11.4,10.92,11.11,52262000,10.46
8/18/2011,10.67,10.7,10.22,10.38,87073500,9.77
8/19/2011,10.05,10.45,9.9,9.99,87207200,9.4
8/22/2011,10.39,10.39,9.81,10.01,73424500,9.42
8/23/2011,10.16,10.32,10.01,10.31,52107600,9.7
8/24/2011,10.31,10.46,10.13,10.45,53035500,9.84
8/25/2011,10.53,10.72,10.22,10.28,50166000,9.68
8/26/2011,10.18,10.53,10.06,10.4,59398700,9.79
8/29/2011,10.64,10.95,10.61,10.93,48857900,10.29
8/30/2011,10.87,10.96,10.64,10.87,50345100,10.23
8/31/2011,11.03,11.3,10.98,11.12,69283600,10.47
9/1/2011,11.14,11.27,10.81,10.85,64031000,10.21
9/2/2011,10.53,10.68,10.26,10.42,62021000,9.81
9/6/2011,10.02,10.27,10,10.22,65558100,9.62
9/7/2011,10.44,10.58,10.32,10.56,45052800,9.94
9/8/2011,10.49,10.64,10.27,10.34,45105500,9.73
9/9/2011,10.11,10.29,9.98,10.05,69911300,9.46
9/12/2011,9.86,10.14,9.85,10.11,58352000,9.52
9/13/2011,10.16,10.23,10,10.17,44205300,9.57
9/14/2011,10.25,10.5,10.04,10.32,70810200,9.71
9/15/2011,10.45,10.64,10.32,10.63,53843200,10.01
9/16/2011,10.62,10.69,10.36,10.62,46858900,10
9/19/2011,10.34,10.62,10.3,10.54,41663900,9.92
9/20/2011,10.61,10.65,10.41,10.42,37706900,9.81
9/21/2011,10.4,10.51,9.97,9.97,62227400,9.38
9/22/2011,9.79,10.14,9.43,9.62,115851100,9.06
9/23/2011,9.46,9.98,9.32,9.86,70702600,9.28
9/26/2011,9.96,10.09,9.7,10.08,54424800,9.49
9/27/2011,10.32,10.35,10.09,10.12,65062200,9.53
9/28/2011,10.18,10.22,9.9,9.93,43567700,9.35
9/29/2011,10.14,10.15,9.75,10,52634800,9.41
9/30/2011,9.89,10.01,9.65,9.67,56697200,9.1
10/3/2011,9.66,9.92,9.36,9.37,72828100,8.82
10/4/2011,9.22,10.13,9.05,10.08,103900000,9.49
10/5/2011,10.07,10.59,9.83,10.56,96318100,9.94
10/6/2011,10.61,11,10.56,10.99,86277500,10.34
10/7/2011,11.04,11.2,10.63,10.69,87812400,10.06
10/10/2011,10.93,11.23,10.9,11.21,57668200,10.55
10/11/2011,11.17,11.29,11.02,11.24,61332000,10.58
10/12/2011,11.4,11.8,11.38,11.38,82907500,10.71
10/13/2011,11.39,11.46,11.04,11.34,60021300,10.67
10/14/2011,11.58,11.67,11.34,11.56,54535700,10.88
10/17/2011,11.71,11.76,11.32,11.4,53715600,10.73
10/18/2011,11.41,11.93,11.27,11.78,66804200,11.09
10/19/2011,11.77,11.92,11.46,11.56,69510100,10.88
10/20/2011,11.66,11.75,11.47,11.7,62145700,11.01
10/21/2011,11.86,12.32,11.84,12.26,86636000,11.54
10/24/2011,12.31,12.65,12.3,12.51,68986900,11.78
10/25/2011,12.58,12.59,12.14,12.43,77049100,11.7
10/26/2011,12.09,12.2,11.54,11.87,159678600,11.17
10/27/2011,12.29,12.29,11.71,12.08,132526600,11.37
10/28/2011,11.97,12.07,11.86,12,60363200,11.3
10/31/2011,11.8,11.91,11.68,11.68,41740400,10.99
11/1/2011,11.33,11.39,11.03,11.08,108235700,10.43
11/2/2011,11.26,11.28,11.04,11.15,52759200,10.5
11/3/2011,11.29,11.39,11.02,11.32,57802200,10.66
11/4/2011,11.28,11.39,11.12,11.27,43133100,10.61
11/7/2011,11.2,11.3,11.06,11.22,39924300,10.56
11/8/2011,11.27,11.68,11.18,11.61,60893400,10.93
11/9/2011,11.2,11.38,10.98,11.04,72026000,10.39
11/10/2011,11.17,11.19,10.9,10.99,50555200,10.34
11/11/2011,11.15,11.18,11.05,11.14,32872400,10.49
11/14/2011,11.12,11.17,10.98,11.02,30530100,10.37
11/15/2011,10.93,11,10.82,10.87,43972900,10.23
11/16/2011,10.8,10.82,10.5,10.56,49001300,9.94
11/17/2011,10.54,10.56,10.07,10.17,69670700,9.57
11/18/2011,10.28,10.3,10.07,10.1,44422000,9.51
11/21/2011,9.99,10.12,9.8,10.05,60890100,9.46
11/22/2011,10.02,10.15,9.9,10.09,43750700,9.5
11/23/2011,9.97,10.04,9.83,9.83,44958400,9.25
11/25/2011,9.81,9.95,9.75,9.75,20118500,9.18
11/28/2011,10.15,10.19,9.9,10,57953300,9.41
11/29/2011,10.03,10.13,9.92,9.99,40443800,9.4
11/30/2011,10.33,10.6,10.17,10.6,66922300,9.98
12/1/2011,10.51,10.81,10.41,10.59,61397000,9.97
12/2/2011,10.79,11.1,10.75,10.9,67252600,10.26
12/5/2011,11.16,11.42,11.02,11.11,65924700,10.46
12/6/2011,11.1,11.19,11,11.05,39786100,10.4
12/7/2011,11,11.15,10.88,11.08,45168800,10.43
12/8/2011,10.96,11.11,9.84,10.75,82552300,10.12
12/9/2011,10.94,11.11,10.87,11.03,48326600,10.38
12/12/2011,10.87,10.89,10.68,10.85,40777500,10.21
12/13/2011,10.92,11.04,10.36,10.48,67905600,9.86
12/14/2011,10.33,10.41,10.1,10.15,53224300,9.55
12/15/2011,10.31,10.42,10.19,10.25,46636200,9.65
12/16/2011,10.32,10.4,10.16,10.25,45962300,9.65
12/19/2011,10.25,10.39,9.99,10.02,45068200,9.43
12/20/2011,10.21,10.38,10.18,10.33,45235100,9.72
12/21/2011,10.38,10.74,10.33,10.66,56203100,10.03
12/22/2011,10.78,10.98,10.66,10.94,43983100,10.3
12/23/2011,10.99,11,10.79,10.95,26953000,10.31
12/27/2011,10.87,10.98,10.76,10.81,25444800,10.18
12/28/2011,10.82,10.84,10.43,10.52,33445100,9.9
12/29/2011,10.56,10.75,10.5,10.68,34317000,10.05
12/30/2011,10.64,10.79,10.6,10.76,26815800,10.13
1/3/2012,11,11.25,10.99,11.13,45709900,10.48
1/4/2012,11.15,11.53,11.07,11.3,79725200,10.64
1/5/2012,11.33,11.63,11.24,11.59,67877500,10.91
1/6/2012,11.74,11.8,11.52,11.71,59840700,11.02
1/9/2012,11.83,11.95,11.7,11.8,53981500,11.11
1/10/2012,12,12.05,11.63,11.8,121750600,11.11
1/11/2012,11.74,12.18,11.65,12.07,63806000,11.36
1/12/2012,12.16,12.18,11.89,12.14,48687700,11.43
1/13/2012,12.01,12.08,11.84,12.04,46366700,11.33
1/17/2012,12.2,12.26,11.96,12.02,44398400,11.31
1/18/2012,12.03,12.37,12,12.34,47102700,11.62
1/19/2012,12.48,12.72,12.43,12.61,70894200,11.87
1/20/2012,12.55,12.64,12.45,12.59,43705700,11.85
1/23/2012,12.69,12.84,12.55,12.66,49379700,11.92
1/24/2012,12.56,12.86,12.46,12.82,45768400,12.07
1/25/2012,12.8,12.98,12.7,12.93,54021600,12.17
1/26/2012,13.03,13.05,12.66,12.79,75470700,12.04
1/27/2012,11.96,12.53,11.79,12.21,142155300,11.54
1/30/2012,12.06,12.44,12,12.29,57752600,11.61
1/31/2012,12.47,12.51,12.2,12.42,46412100,11.74
2/1/2012,12.73,12.75,12.29,12.33,71669000,11.65
2/2/2012,12.4,12.43,12.2,12.26,48347600,11.59
2/3/2012,12.47,12.84,12.39,12.79,78851200,12.09
2/6/2012,12.85,13,12.71,12.96,46363300,12.25
2/7/2012,12.93,12.97,12.83,12.88,39413500,12.17
2/8/2012,12.91,12.96,12.8,12.84,35352500,12.13
2/9/2012,12.89,12.9,12.67,12.69,52290500,11.99
2/10/2012,12.52,12.66,12.37,12.44,52505500,11.76
2/13/2012,12.74,12.74,12.51,12.54,34474400,11.85
2/14/2012,12.46,12.58,12.34,12.48,39627900,11.79
2/15/2012,12.47,12.57,12.33,12.38,38174800,11.7
2/16/2012,12.38,12.77,12.38,12.74,49164400,12.04
2/17/2012,12.84,12.88,12.71,12.75,30778000,12.05
2/21/2012,12.74,12.76,12.46,12.53,38409800,11.84
2/22/2012,12.49,12.51,12.22,12.28,43326000,11.6
2/23/2012,12.27,12.44,12.16,12.4,36747600,11.72
2/24/2012,12.43,12.46,12.19,12.23,31399300,11.56
2/27/2012,12.11,12.36,11.99,12.3,38703400,11.62
2/28/2012,12.34,12.35,12.2,12.25,30789000,11.58
2/29/2012,12.28,12.55,12.25,12.38,62093700,11.7
3/1/2012,12.48,12.77,12.45,12.66,68262000,11.96
3/2/2012,12.74,12.94,12.68,12.72,49063500,12.02
3/5/2012,12.67,12.68,12.41,12.46,28433700,11.77
3/6/2012,12.23,12.25,12,12.09,57374500,11.42
3/7/2012,12.21,12.3,12.15,12.24,28440900,11.57
3/8/2012,12.41,12.55,12.32,12.46,37099100,11.77
3/9/2012,12.53,12.73,12.48,12.58,36159300,11.89
3/12/2012,12.57,12.59,12.37,12.43,30275700,11.75
3/13/2012,12.48,12.72,12.4,12.7,42783600,12
3/14/2012,12.64,12.9,12.63,12.88,47578500,12.17
3/15/2012,12.9,13.04,12.83,12.9,55286600,12.19
3/16/2012,12.86,12.9,12.51,12.51,77119600,11.82
3/19/2012,12.52,12.68,12.48,12.63,52445700,11.94
3/20/2012,12.48,12.61,12.39,12.54,40214400,11.85
3/21/2012,12.59,12.67,12.55,12.57,27521400,11.88
3/22/2012,12.48,12.54,12.24,12.32,50117100,11.64
3/23/2012,12.31,12.37,12.18,12.32,44755000,11.64
3/26/2012,12.45,12.5,12.39,12.48,26692200,11.79
3/27/2012,12.51,12.61,12.3,12.32,35070700,11.64
3/28/2012,12.35,12.36,12.18,12.32,41051700,11.64
3/29/2012,12.33,12.52,12.24,12.5,51039700,11.81
3/30/2012,12.55,12.58,12.4,12.48,36381000,11.79
4/2/2012,12.5,12.65,12.44,12.62,43966900,11.93
4/3/2012,12.71,12.95,12.46,12.64,97034200,11.94
4/4/2012,12.46,12.52,12.32,12.51,51505000,11.82
4/5/2012,12.38,12.58,12.38,12.47,37939500,11.78
4/9/2012,12.26,12.29,12.11,12.22,42515300,11.55
4/10/2012,12.19,12.28,11.65,11.79,77370300,11.14
4/11/2012,11.99,12.02,11.88,11.91,34724400,11.25
4/12/2012,11.94,12.13,11.86,12.07,26988800,11.41
4/13/2012,11.98,12.03,11.84,11.92,39675000,11.26
4/16/2012,12.01,12.05,11.83,11.88,31903500,11.23
4/17/2012,11.98,12,11.88,11.91,35981200,11.25
4/18/2012,11.81,11.85,11.72,11.79,32314000,11.14
4/19/2012,11.81,11.88,11.58,11.66,48169200,11.02
4/20/2012,11.71,11.72,11.39,11.41,52631000,10.78
4/23/2012,11.15,11.4,11.15,11.35,31269200,10.73
4/24/2012,11.61,11.61,11.36,11.39,38615200,10.76
4/25/2012,11.51,11.75,11.43,11.73,45185400,11.08
4/26/2012,11.71,11.93,11.67,11.87,40889300,11.22
4/27/2012,12.03,12.04,11.52,11.6,83070300,10.96
4/30/2012,11.42,11.47,11.15,11.28,46156300,10.71
5/1/2012,11.25,11.34,11.11,11.23,43959200,10.66
5/2/2012,11.16,11.17,11,11.1,48572900,10.53
5/3/2012,11.13,11.15,10.85,10.92,40238400,10.36
5/4/2012,10.84,10.87,10.63,10.67,53268400,10.13
5/7/2012,10.53,10.79,10.52,10.66,33235200,10.12
5/8/2012,10.6,10.64,10.4,10.61,46174500,10.07
5/9/2012,10.48,10.81,10.41,10.69,54501200,10.15
5/10/2012,10.83,10.86,10.66,10.71,42526100,10.16
5/11/2012,10.61,10.83,10.56,10.58,36561300,10.04
5/14/2012,10.41,10.53,10.3,10.32,50225200,9.79
5/15/2012,10.34,10.34,10.1,10.15,41886500,9.63
5/16/2012,10.23,10.43,10.15,10.16,44321300,9.64
5/17/2012,10.16,10.25,10.01,10.01,49648900,9.5
5/18/2012,10.08,10.18,9.96,10.01,50572000,9.5
5/21/2012,10.02,10.23,10,10.2,38134900,9.68
5/22/2012,10.25,10.4,10.15,10.19,44295700,9.67
5/23/2012,10.32,10.45,10.22,10.41,75647800,9.88
5/24/2012,10.5,10.62,10.38,10.59,45334100,10.05
5/25/2012,10.61,10.68,10.51,10.6,30430800,10.06
5/29/2012,10.69,10.88,10.68,10.84,43760600,10.29
5/30/2012,10.73,10.75,10.52,10.66,44592100,10.12
5/31/2012,10.62,10.68,10.4,10.56,54297000,10.02
6/1/2012,10.33,10.37,10.06,10.12,68237000,9.6
6/4/2012,10.15,10.18,9.91,10.04,57305600,9.53
6/5/2012,10.01,10.24,9.97,10.19,38326200,9.67
6/6/2012,10.29,10.58,10.27,10.57,50458000,10.03
6/7/2012,10.73,10.78,10.52,10.55,33846100,10.01
6/8/2012,10.48,10.68,10.38,10.66,30811600,10.12
6/11/2012,10.77,10.8,10.45,10.45,35811400,9.92
6/12/2012,10.47,10.55,10.31,10.5,35130800,9.97
6/13/2012,10.39,10.49,10.22,10.3,41384200,9.78
6/14/2012,10.27,10.45,10.21,10.41,37531800,9.88
6/15/2012,10.4,10.42,10.26,10.35,39442000,9.82
6/18/2012,10.35,10.4,10.26,10.34,27361000,9.81
6/19/2012,10.37,10.64,10.35,10.56,37155900,10.02
6/20/2012,10.58,10.74,10.52,10.65,40810100,10.11
6/21/2012,10.65,10.68,10.25,10.27,40062800,9.75
6/22/2012,10.35,10.4,10.18,10.19,56427300,9.67
6/25/2012,10.13,10.18,9.95,10.01,44297600,9.5
6/26/2012,10.06,10.08,9.96,10.01,31871900,9.5
6/27/2012,10.05,10.1,9.97,10.02,33278900,9.51
6/28/2012,9.93,10.09,9.93,10.09,38648400,9.58
6/29/2012,9.95,9.98,9.46,9.59,138138600,9.1
7/2/2012,9.5,9.6,9.3,9.39,63388600,8.91
7/3/2012,9.53,9.79,9.49,9.6,49629300,9.11
7/5/2012,9.67,9.74,9.53,9.57,31783900,9.08
7/6/2012,9.47,9.52,9.4,9.5,30355400,9.02
7/9/2012,9.46,9.47,9.31,9.45,37441600,8.97
7/10/2012,9.5,9.55,9.28,9.35,33516600,8.87
7/11/2012,9.33,9.38,9.26,9.33,32028700,8.85
7/12/2012,9.26,9.28,9.12,9.13,55111000,8.67
7/13/2012,9.16,9.32,9.14,9.27,30248300,8.8
7/16/2012,9.22,9.32,9.15,9.26,28838200,8.79
7/17/2012,9.28,9.35,9.12,9.34,29510000,8.86
7/18/2012,9.38,9.52,9.34,9.38,31010000,8.9
7/19/2012,9.45,9.5,9.33,9.35,33615000,8.87
7/20/2012,9.28,9.35,9.18,9.21,27968300,8.74
7/23/2012,9.08,9.21,9.05,9.17,33773800,8.7
7/24/2012,9.17,9.24,8.95,9.06,53519200,8.6
7/25/2012,9.17,9.2,8.91,8.97,44338200,8.51
7/26/2012,9.05,9.11,8.83,8.96,51798900,8.5
7/27/2012,8.99,9.1,8.88,9,67986800,8.54
7/30/2012,9.04,9.18,9.01,9.1,40958300,8.64
7/31/2012,9.13,9.28,9.12,9.24,41360900,8.77
8/1/2012,9.29,9.42,8.99,9.04,65973000,8.63
8/2/2012,8.99,9.03,8.82,8.92,45326500,8.51
8/3/2012,9.02,9.15,8.96,9.09,38631400,8.67
8/6/2012,9.13,9.21,9.09,9.15,23819100,8.73
8/7/2012,9.18,9.39,9.18,9.31,43574500,8.88
8/8/2012,9.25,9.38,9.24,9.35,22630300,8.92
8/9/2012,9.31,9.46,9.3,9.34,30909800,8.91
8/10/2012,9.3,9.36,9.23,9.35,19618800,8.92
8/13/2012,9.35,9.42,9.25,9.4,21122000,8.97
8/14/2012,9.45,9.66,9.42,9.44,21129500,9.01
8/15/2012,9.44,9.54,9.41,9.49,21308300,9.06
8/16/2012,9.5,9.67,9.49,9.59,34323700,9.15
8/17/2012,9.65,9.66,9.6,9.63,34533900,9.19
8/20/2012,9.58,9.64,9.51,9.63,38923800,9.19
8/21/2012,9.65,9.7,9.52,9.53,26281100,9.09
8/22/2012,9.5,9.56,9.4,9.49,26965500,9.06
8/23/2012,9.45,9.54,9.42,9.45,23537700,9.02
8/24/2012,9.42,9.52,9.41,9.49,19574600,9.06
8/27/2012,9.51,9.52,9.38,9.39,22754200,8.96
8/28/2012,9.37,9.44,9.31,9.34,23084400,8.91
8/29/2012,9.33,9.4,9.29,9.32,26115700,8.89
8/30/2012,9.3,9.34,9.25,9.31,16459400,8.88
8/31/2012,9.39,9.43,9.31,9.34,28029200,8.91
9/4/2012,9.37,9.47,9.35,9.41,37965000,8.98
9/5/2012,9.45,9.62,9.39,9.57,40608800,9.13
9/6/2012,9.66,9.96,9.66,9.92,67996400,9.47
9/7/2012,9.95,10.23,9.93,10.14,60617000,9.68
9/10/2012,10.08,10.28,10.06,10.11,43381300,9.65
9/11/2012,10.18,10.25,10.13,10.15,28165300,9.69
9/12/2012,10.25,10.3,10.17,10.21,28046500,9.74
9/13/2012,10.2,10.38,10.12,10.34,50920200,9.87
9/14/2012,10.41,10.57,10.39,10.53,55934300,10.05
9/17/2012,10.27,10.42,10.26,10.39,31922200,9.91
9/18/2012,10.3,10.45,10.28,10.42,34937000,9.94
9/19/2012,10.49,10.66,10.45,10.59,42403000,10.11
9/20/2012,10.48,10.52,10.35,10.44,28755100,9.96
9/21/2012,10.53,10.54,10.36,10.4,35459800,9.92
9/24/2012,10.3,10.4,10.26,10.32,28557900,9.85
9/25/2012,10.35,10.37,10.06,10.09,36866300,9.63
9/26/2012,9.98,10.12,9.86,10.01,44362600,9.55
9/27/2012,10.13,10.18,10.02,10.02,25740900,9.56
9/28/2012,9.99,10,9.81,9.86,44586300,9.41
10/1/2012,9.89,10.08,9.88,9.93,33445600,9.48
10/2/2012,10.01,10.05,9.71,9.79,63630000,9.34
10/3/2012,9.82,10.02,9.76,9.94,51023800,9.49
10/4/2012,10.06,10.15,9.96,10.11,46855500,9.65
10/5/2012,10.17,10.28,10.13,10.16,40693900,9.7
10/8/2012,10.06,10.12,9.99,10.05,25473900,9.59
10/9/2012,10.21,10.25,10.02,10.1,38235700,9.64
10/10/2012,10.12,10.12,9.95,9.98,33951600,9.52
10/11/2012,10.06,10.26,10.05,10.14,39328700,9.68
10/12/2012,10.14,10.25,10.09,10.12,24108500,9.66
10/15/2012,10.11,10.25,10.09,10.22,26466500,9.75
10/16/2012,10.26,10.32,10.22,10.3,32788400,9.83
10/17/2012,10.31,10.41,10.26,10.41,29346300,9.93
10/18/2012,10.36,10.57,10.33,10.43,44041700,9.95
10/19/2012,10.42,10.43,10.13,10.18,40493000,9.71
10/22/2012,10.14,10.24,10.03,10.17,39149700,9.7
10/23/2012,10.02,10.11,9.97,10,32476500,9.54
10/24/2012,10.08,10.29,10.01,10.17,49339800,9.7
10/25/2012,10.42,10.49,10.28,10.39,59290900,9.91
10/26/2012,10.35,10.42,10.22,10.36,43485500,9.89
10/31/2012,10.7,11.17,10.6,11.16,137960900,10.7
11/1/2012,11.19,11.3,10.88,11.25,88770100,10.79
11/2/2012,11.31,11.38,11.15,11.17,53399000,10.71
11/5/2012,11.15,11.35,11.13,11.25,37995000,10.79
11/6/2012,11.33,11.59,11.26,11.42,51232200,10.95
11/7/2012,11.25,11.34,11.04,11.06,56674900,10.61
11/8/2012,11.07,11.23,10.89,10.9,45948800,10.45
11/9/2012,10.76,11.1,10.71,10.93,40703600,10.48
11/12/2012,11.03,11.16,10.96,10.97,25723100,10.52
11/13/2012,10.89,11.1,10.86,11,33342900,10.55
11/14/2012,11.02,11.05,10.62,10.67,45664700,10.23
11/15/2012,10.57,10.8,10.46,10.57,48879800,10.14
11/16/2012,10.58,10.64,10.38,10.5,45346200,10.07
11/19/2012,10.65,10.9,10.65,10.83,39359100,10.38
11/20/2012,10.85,11.02,10.76,10.85,34739800,10.4
11/21/2012,10.84,11,10.8,10.92,21181700,10.47
11/23/2012,10.98,11.1,10.96,11.1,16032200,10.64
11/26/2012,11.05,11.14,10.97,11.11,26831700,10.65
11/27/2012,11.1,11.27,11.1,11.1,37610000,10.64
11/28/2012,11.05,11.26,10.98,11.25,38496900,10.79
11/29/2012,11.32,11.53,11.32,11.53,57289300,11.06
11/30/2012,11.52,11.6,11.33,11.45,41329600,10.98
12/3/2012,11.56,11.7,11.4,11.41,47746300,10.94
12/4/2012,11.4,11.44,11.23,11.31,37760200,10.84
12/5/2012,11.32,11.4,11.18,11.31,33152400,10.84
12/6/2012,11.26,11.31,11.19,11.24,31065800,10.78
12/7/2012,11.27,11.5,11.26,11.48,38404500,11.01
12/10/2012,11.41,11.53,11.41,11.47,26025200,11
12/11/2012,11.51,11.58,11.4,11.49,36326900,11.02
12/12/2012,11.52,11.56,11.43,11.47,31099900,11
12/13/2012,11.46,11.5,11.21,11.27,35443200,10.81
12/14/2012,11.27,11.27,11.03,11.1,36933500,10.64
12/17/2012,11.16,11.41,11.14,11.39,46983300,10.92
12/18/2012,11.48,11.68,11.4,11.67,61810400,11.19
12/19/2012,11.79,11.85,11.62,11.73,54884700,11.25
12/20/2012,11.74,11.8,11.58,11.77,47750100,11.29
12/21/2012,11.55,11.86,11.47,11.86,94489300,11.37
12/24/2012,11.67,12.4,11.67,12.4,91734900,11.89
12/26/2012,12.31,12.79,12.31,12.79,140331900,12.26
12/27/2012,12.79,12.81,12.36,12.76,108315100,12.24
12/28/2012,12.55,12.88,12.52,12.87,95668600,12.34
12/31/2012,12.88,13.08,12.76,12.95,106908900,12.42
1/2/2013,13.23,13.28,13,13.2,75274700,12.66
1/3/2013,13.24,13.7,13.05,13.46,121284700,12.91
1/4/2013,13.51,13.61,13.35,13.57,54669900,13.01
1/7/2013,13.52,13.58,13.35,13.43,43482400,12.88
1/8/2013,13.38,13.43,13.2,13.35,46336200,12.8
1/9/2013,13.4,13.6,13.39,13.47,36973900,12.92
1/10/2013,13.78,13.94,13.68,13.83,84884300,13.26
1/11/2013,14,14.07,13.9,14,67641200,13.42
1/14/2013,14.04,14.08,13.86,13.99,46224800,13.41
1/15/2013,13.91,14.3,13.89,14.3,55425000,13.71
1/16/2013,14.16,14.25,14.01,14.22,51453400,13.64
1/17/2013,14.27,14.3,14.07,14.22,44299300,13.64
1/18/2013,14.1,14.13,13.97,14.11,45716100,13.53
1/22/2013,14.06,14.19,14,14.17,35467900,13.59
1/23/2013,14,14.02,13.79,13.88,58122200,13.31
1/24/2013,13.82,13.98,13.81,13.87,42532700,13.3
1/25/2013,13.83,13.84,13.64,13.68,53405400,13.12
1/28/2013,13.49,13.82,13.42,13.78,51189300,13.31
1/29/2013,13.56,13.61,12.89,13.14,131146500,12.69
1/30/2013,13.01,13.2,12.89,12.93,59595900,12.49
1/31/2013,12.86,13.02,12.67,12.95,65844000,12.51
2/1/2013,13.1,13.13,12.94,13.02,45222500,12.58
2/4/2013,12.94,13,12.86,12.88,32702200,12.44
2/5/2013,12.97,13.25,12.94,13.18,39116500,12.73
2/6/2013,13.13,13.27,13.05,13.2,33520400,12.75
2/7/2013,13.26,13.31,13,13.07,33987500,12.62
2/8/2013,13.1,13.16,13.05,13.1,18613300,12.65
2/11/2013,13.06,13.2,13.02,13.11,17688900,12.66
2/12/2013,13.12,13.2,13.05,13.08,26243300,12.63
2/13/2013,13.11,13.14,12.99,13.04,24503600,12.6
2/14/2013,13,13.17,12.96,13.11,33489000,12.66
2/15/2013,13.14,13.14,13.01,13.02,32418700,12.58
2/19/2013,13.04,13.09,12.9,12.99,31089900,12.55
2/20/2013,12.95,12.98,12.57,12.6,50381800,12.17
2/21/2013,12.51,12.51,12.3,12.39,43703700,11.97
2/22/2013,12.44,12.5,12.31,12.48,23866400,12.05
2/25/2013,12.53,12.57,12.1,12.13,38627200,11.72
2/26/2013,12.24,12.35,12.11,12.34,29191400,11.92
2/27/2013,12.35,12.85,12.35,12.76,51569900,12.33
2/28/2013,12.78,12.87,12.6,12.61,37659400,12.18
3/1/2013,12.56,12.75,12.38,12.61,38806100,12.18
3/4/2013,12.55,12.75,12.53,12.75,24337100,12.32
3/5/2013,12.87,12.98,12.79,12.87,26863200,12.43
3/6/2013,12.97,13,12.85,12.89,28953400,12.45
3/7/2013,12.89,12.91,12.77,12.83,27702800,12.39
3/8/2013,12.94,12.99,12.81,12.98,24715100,12.54
3/11/2013,12.97,13.4,12.9,13.34,48696900,12.89
3/12/2013,13.37,13.47,13.17,13.39,46047600,12.93
3/13/2013,13.37,13.45,13.35,13.4,26467800,12.94
3/14/2013,13.43,13.45,13.37,13.43,31653300,12.97
3/15/2013,13.31,13.45,13.26,13.45,62961000,12.99
3/18/2013,13.16,13.39,12.8,13.26,36877600,12.81
3/19/2013,13.27,13.35,13.09,13.16,37639900,12.71
3/20/2013,13.22,13.4,13.18,13.36,32690500,12.9
3/21/2013,13.25,13.42,13.23,13.26,29740300,12.81
3/22/2013,13.24,13.31,13.2,13.26,21423900,12.81
3/25/2013,13.31,13.4,13.26,13.29,27238000,12.84
3/26/2013,13.35,13.37,13.24,13.31,24236700,12.86
3/27/2013,13.23,13.25,13.1,13.22,26240600,12.77
3/28/2013,13.24,13.24,13.1,13.15,25472400,12.7
4/1/2013,13.01,13.15,12.9,12.9,32961500,12.46
4/2/2013,13,13.19,12.96,13.01,35189300,12.57
4/3/2013,13.05,13.05,12.59,12.68,45189000,12.25
4/4/2013,12.68,12.78,12.45,12.65,29803800,12.22
4/5/2013,12.43,12.5,12.15,12.44,42605700,12.02
4/8/2013,12.46,12.83,12.4,12.78,23884700,12.34
4/9/2013,12.85,12.96,12.75,12.8,29826000,12.36
4/10/2013,12.87,13.13,12.82,13.12,31089600,12.67
4/11/2013,13.15,13.58,13.13,13.55,51493300,13.09
4/12/2013,13.43,13.55,13.26,13.53,37955000,13.07
4/15/2013,13.36,13.46,12.91,12.95,55885900,12.51
4/16/2013,13.17,13.24,13,13.12,36338200,12.67
4/17/2013,12.97,13.05,12.8,12.93,44583600,12.49
4/18/2013,12.94,12.98,12.65,12.75,34877900,12.32
4/19/2013,12.88,12.97,12.75,12.93,26971400,12.49
4/22/2013,12.97,13.08,12.8,13.06,26082200,12.62
4/23/2013,13.12,13.45,13.11,13.36,40082600,12.9
4/24/2013,13.48,13.54,13.12,13.33,46026300,12.88
4/25/2013,13.4,13.56,13.35,13.47,42016000,13.01
4/26/2013,13.52,13.76,13.45,13.67,43814900,13.2
4/29/2013,13.73,13.76,13.57,13.66,20659200,13.19
4/30/2013,13.66,13.74,13.52,13.71,24858800,13.24
5/1/2013,13.64,13.78,13.35,13.38,39344800,13.02
5/2/2013,13.54,13.55,13.38,13.41,33982900,13.05
5/3/2013,13.58,13.83,13.57,13.83,45933600,13.46
5/6/2013,13.86,14.15,13.83,14.09,53821400,13.71
5/7/2013,14.2,14.25,14.09,14.19,42070400,13.81
5/8/2013,14.15,14.24,14.1,14.21,33334600,13.83
5/9/2013,14.19,14.26,14.16,14.2,30575000,13.82
5/10/2013,14.21,14.23,14.02,14.11,30885100,13.73
5/13/2013,14.1,14.12,13.92,14.01,22758500,13.63
5/14/2013,14,14.3,13.98,14.27,32390700,13.89
5/15/2013,14.28,14.77,14.27,14.67,56875000,14.27
5/16/2013,14.77,14.85,14.6,14.64,40924300,14.25
5/17/2013,14.79,15.15,14.75,15.08,59729800,14.67
5/20/2013,15.01,15.23,15,15.05,34580000,14.64
5/21/2013,15.07,15.22,14.75,14.95,61840300,14.55
5/22/2013,15.08,15.32,14.86,14.97,67147900,14.57
5/23/2013,14.5,14.94,14.37,14.81,49128700,14.41
5/24/2013,14.71,14.88,14.66,14.79,25287100,14.39
5/28/2013,15.22,15.35,15.1,15.28,59250500,14.87
5/29/2013,15.27,15.72,15.24,15.63,65167400,15.21
5/30/2013,15.76,16.02,15.74,15.9,61805000,15.47
5/31/2013,15.88,16.04,15.68,15.68,52117500,15.26
6/3/2013,15.93,16.08,15.51,15.89,59017900,15.46
6/4/2013,15.98,16.09,15.63,15.78,50273400,15.35
6/5/2013,15.7,15.71,15.18,15.25,64862400,14.84
6/6/2013,15.25,15.48,15.06,15.44,54819200,15.02
6/7/2013,15.58,15.76,15.46,15.73,37099500,15.31
6/10/2013,15.86,15.9,15.6,15.71,29589300,15.29
6/11/2013,15.52,15.68,15.4,15.51,35360600,15.09
6/12/2013,15.63,15.71,15.31,15.37,36207400,14.96
6/13/2013,15.31,15.6,15.18,15.58,34327500,15.16
6/14/2013,15.52,15.57,15.35,15.37,27186000,14.96
6/17/2013,15.53,15.72,15.44,15.55,31340000,15.13
6/18/2013,15.54,15.71,15.44,15.65,25950200,15.23
6/19/2013,15.6,15.62,15.31,15.32,35997500,14.91
6/20/2013,15.19,15.28,14.75,14.82,57313900,14.42
6/21/2013,15.02,15.06,14.59,15,48218100,14.6
6/24/2013,14.67,14.83,14.3,14.67,58598000,14.27
6/25/2013,14.85,15,14.84,14.97,34031900,14.57
6/26/2013,15.16,15.31,15.1,15.29,39595100,14.88
6/27/2013,15.43,15.7,15.39,15.65,35859600,15.23
6/28/2013,15.56,15.65,15.44,15.47,45034700,15.05
7/1/2013,15.61,15.79,15.56,15.74,36012200,15.32
7/2/2013,15.76,16.21,15.69,16.18,70275900,15.74
7/3/2013,16.15,16.45,16.14,16.43,38114000,15.99
7/5/2013,16.53,16.74,16.48,16.7,44728400,16.25
7/8/2013,16.85,16.93,16.75,16.81,42019600,16.36
7/9/2013,16.86,16.94,16.72,16.84,33762200,16.39
7/10/2013,16.76,16.88,16.65,16.72,38162900,16.27
7/11/2013,16.95,16.99,16.86,16.98,34601800,16.52
7/12/2013,16.98,17.11,16.97,17.11,27297500,16.65
7/15/2013,17.24,17.29,17.1,17.12,26663500,16.66
7/16/2013,16.95,16.95,16.41,16.6,63282600,16.15
7/17/2013,16.64,16.83,16.62,16.78,27888100,16.33
7/18/2013,16.82,16.98,16.78,16.93,24606400,16.47
7/19/2013,16.89,16.89,16.65,16.76,29592500,16.31
7/22/2013,16.87,17.04,16.83,17.04,28745600,16.58
7/23/2013,17.16,17.17,16.82,16.94,35016900,16.48
7/24/2013,17.48,17.68,17.25,17.37,78608500,16.9
7/25/2013,17.26,17.27,16.88,16.96,51510200,16.5
7/26/2013,16.92,17.13,16.9,17.02,30356000,16.56
7/29/2013,17.08,17.19,17.05,17.08,27823400,16.62
7/30/2013,17.19,17.25,17.06,17.08,25879200,16.62
7/31/2013,17.09,17.15,16.84,16.88,42156300,16.52
8/1/2013,17.04,17.21,16.95,17.19,39519600,16.82
8/2/2013,17.15,17.5,17.12,17.5,32233600,17.13
8/5/2013,17.44,17.5,17.11,17.19,53813000,16.82
8/6/2013,17.18,17.23,17,17.03,29014000,16.67
8/7/2013,16.95,16.96,16.72,16.77,33058100,16.41
8/8/2013,16.94,17.03,16.87,16.98,26626200,16.62
8/9/2013,16.95,17.11,16.94,17.02,25625300,16.66
8/12/2013,16.91,17.14,16.89,17.07,23170600,16.71
8/13/2013,17.15,17.21,16.96,17.06,22372000,16.7
8/14/2013,17.04,17.06,16.85,16.89,29255700,16.53
8/15/2013,16.71,16.73,16.22,16.43,55905300,16.08
8/16/2013,16.45,16.6,16.22,16.3,30477300,15.95
8/19/2013,16.29,16.31,16.11,16.12,28013600,15.78
8/20/2013,16.06,16.36,15.82,16.31,42599300,15.96
8/21/2013,16.31,16.42,16.11,16.25,34926600,15.9
8/22/2013,16.29,16.49,16.25,16.41,16464700,16.06
8/23/2013,16.47,16.52,16.35,16.45,21547100,16.1
8/26/2013,16.44,16.62,16.38,16.41,24792600,16.06
8/27/2013,16.16,16.18,15.85,15.88,44005000,15.54
8/28/2013,15.86,16.15,15.71,16.02,37027600,15.68
8/29/2013,16.21,16.66,16.15,16.5,47714900,16.15
8/30/2013,16.58,16.59,16.12,16.19,40290600,15.85
9/3/2013,16.42,16.54,16.21,16.34,33457700,15.99
9/4/2013,16.38,17.02,16.37,16.91,69533900,16.55
9/5/2013,17.1,17.35,17.03,17.3,55979000,16.93
9/6/2013,17.33,17.34,16.82,17,61718600,16.64
9/9/2013,17.11,17.41,17.1,17.31,38517000,16.94
9/10/2013,17.49,17.68,17.37,17.55,45850700,17.18
9/11/2013,17.5,17.58,17.39,17.54,32902300,17.17
9/12/2013,17.55,17.56,17.31,17.39,26855400,17.02
9/13/2013,17.45,17.49,17.28,17.35,21572800,16.98
9/16/2013,17.53,17.59,17.3,17.35,26976600,16.98
9/17/2013,17.35,17.45,17.3,17.44,23176300,17.07
9/18/2013,17.36,17.77,17.34,17.63,45114100,17.26
9/19/2013,17.75,17.77,17.51,17.66,30748200,17.29
9/20/2013,17.71,17.71,17.3,17.39,47887900,17.02
9/23/2013,17.27,17.35,16.98,17.2,42733400,16.83
9/24/2013,17.23,17.4,17.08,17.26,33787600,16.89
9/25/2013,17.25,17.4,17.16,17.19,31630300,16.82
9/26/2013,17.26,17.38,17.12,17.27,32360900,16.9
9/27/2013,17.17,17.2,17,17.05,34022600,16.69
9/30/2013,16.77,17.01,16.69,16.87,36511300,16.51
10/1/2013,16.93,17.34,16.92,17.19,41817000,16.82
10/2/2013,17.09,17.22,16.95,17.21,29527300,16.84
10/3/2013,17.11,17.17,16.76,16.95,36628800,16.59
10/4/2013,16.97,17.14,16.94,17.09,24991600,16.73
10/7/2013,16.86,16.95,16.81,16.81,30339600,16.45
10/8/2013,16.83,16.85,16.45,16.5,45491300,16.15
10/9/2013,16.51,16.74,16.35,16.62,50838200,16.27
10/10/2013,16.87,17,16.83,16.93,46955700,16.57
10/11/2013,17.02,17.12,16.88,17.11,30814200,16.75
10/14/2013,16.93,17.25,16.92,17.18,31229600,16.82
10/15/2013,17.18,17.21,16.95,16.97,39294100,16.61
10/16/2013,17.08,17.29,17.03,17.29,33098300,16.92
10/17/2013,17.24,17.49,17.24,17.46,26889400,17.09
10/18/2013,17.52,17.55,17.43,17.53,23022100,17.16
10/21/2013,17.59,17.6,17.41,17.5,22159700,17.13
10/22/2013,17.55,17.68,17.44,17.6,30226500,17.23
10/23/2013,17.66,17.71,17.39,17.52,45496200,17.15
10/24/2013,18.01,18.02,17.64,17.76,71402500,17.38
10/25/2013,17.84,17.85,17.42,17.6,47515700,17.23
10/28/2013,17.66,17.72,17.52,17.57,37323000,17.2
10/29/2013,17.57,17.62,17.41,17.61,36931500,17.24
10/30/2013,17.62,17.64,17.25,17.34,39898500,17.07
10/31/2013,17.29,17.33,17.1,17.11,38742700,16.84
11/1/2013,17.24,17.24,16.76,16.89,52493000,16.63
11/4/2013,16.97,17.01,16.78,17,33974700,16.73
11/5/2013,16.89,17.14,16.83,17.09,43517500,16.82
11/6/2013,17.16,17.2,16.85,16.91,37052400,16.65
11/7/2013,16.91,16.92,16.53,16.55,47526900,16.29
11/8/2013,16.66,16.87,16.61,16.85,38987300,16.59
11/11/2013,16.87,17.14,16.73,16.89,29561200,16.63
11/12/2013,16.8,16.85,16.66,16.72,31432300,16.46
11/13/2013,16.66,17.1,16.64,17.1,39160000,16.83
11/14/2013,17.12,17.2,17.01,17.09,35559900,16.82
11/15/2013,17.13,17.15,17,17.07,33100600,16.8
11/18/2013,17.07,17.18,16.92,16.98,31231300,16.71
11/19/2013,16.99,17.03,16.82,16.87,26841800,16.61
11/20/2013,16.89,17.08,16.84,16.92,31077800,16.66
11/21/2013,17.01,17.15,16.98,17.09,33042300,16.82
11/22/2013,17.12,17.14,17,17.01,29789000,16.74
11/25/2013,17.1,17.14,16.93,16.94,25125300,16.67
11/26/2013,17.05,17.05,16.85,16.87,26440600,16.61
11/27/2013,16.86,17.09,16.81,17.03,31559700,16.76
11/29/2013,17.06,17.18,17.04,17.08,14918800,16.81
12/2/2013,17.12,17.2,17.03,17.06,27749600,16.79
12/3/2013,17.05,17.2,16.42,16.56,74867000,16.3
12/4/2013,16.61,16.76,16.49,16.62,40104000,16.36
12/5/2013,16.66,16.86,16.52,16.74,44793800,16.48
12/6/2013,16.92,16.95,16.61,16.7,33254500,16.44
12/9/2013,16.68,16.79,16.5,16.56,34369700,16.3
12/10/2013,16.54,16.69,16.51,16.53,30523600,16.27
12/11/2013,16.54,16.61,16.33,16.41,37848800,16.15
12/12/2013,16.36,16.46,16.2,16.39,30945400,16.13
12/13/2013,16.47,16.79,16.46,16.59,48535500,16.33
12/16/2013,16.72,16.94,16.71,16.86,38001800,16.6
12/17/2013,16.86,16.99,16.66,16.7,40555800,16.44
12/18/2013,15.99,16,15.17,15.65,220363000,15.41
12/19/2013,15.46,15.5,15.25,15.3,84636000,15.06
12/20/2013,15.35,15.5,15.32,15.42,61508000,15.18
12/23/2013,15.49,15.5,15.12,15.15,59222000,14.91
12/24/2013,15.2,15.23,15.1,15.19,22642200,14.95
12/26/2013,15.23,15.34,15.22,15.33,24966000,15.09
12/27/2013,15.35,15.35,15.25,15.3,21842000,15.06
12/30/2013,15.36,15.42,15.25,15.28,32832800,15.04
12/31/2013,15.29,15.43,15.26,15.43,27829000,15.19
